company_code,name,address,city,postal_code,country
AAA,ASIA CONTAINER LEASING CO LTD,"RM 2310, DOMINION CENTRE 43-59 QUEENS ROAD EAST",WAN CHAI,,HK
AAF,BUNDESMINISTERIUM FUR LANDESVERTEIDIGUNG,ROSSAUER LANDE 1,WIEN,A-1090,AT
AAI,A.A SHIPPING LTD,6 KAUFMAN STREET 16TH FLOOR,TEL AVIV,68012,IL
ABB,ATLANTIC BULK CARRIERS MANAGMENT LTD,"C/O SOUTHERN STAR SHIPPING CO INC 1370 Avenue of the AMERICAS, 29th floor","NEW YORK, NY 10019",,US
ABC,ABC MOBILE STORAGE,1707 East Highway # 24,"NORFOLK, NE-68701",,US
ABL,ETAT-MAJOR DES FORCES ARMEES BELGES,MRC&I-I/S/DA Bloc 5 Eversestraat 1,BRUSSELS,B-1140,BE
ACA,ARCTIC CONTAINER OY,KOMENTO SILTA 1 C/O GATEHOUSE,HELSINKI,00980,FI
ACC,ATLANTIC COAST CONTAINER,100 SORRENTO DRIVE,"GREENVILLE, SC-29609",,US
ACE,ACE CONTAINER SERVICES LTD,HAIGH PARK ROAD,"LEEDS, LS10 1RT",,GB
ACL,ATLANTIC CONTAINER LINE,50 CARDINAL DRIVE,"WESTFIELD, NJ 07090",,US
ACS,Commonwealth Independent States Navigation (2019) Inc,STATES NAVIGATION INC. 478 MCGILL STREET,"MONTREAL, QC",H2Y 2H2,CA
ACX,G2 OCEAN AS,"Grieg Gaarden, C Sundtsgate 17",Bergen,NO-5809,NO
ADB,AGROCEL INDUSTRIES PVT LTD.,"Doctor House, Opp G K General Hospital,",Bhuj,370001,IN
ADN,ADEMN LLC,Petrushevycha str. 10/1,Ternopil,46002,UA
ADX,APPLIED CRYO TECHNOLOGIES,7150 ALMEDA GENOA,"HOUSTON, TX-77075",,US
AEG,AEGEUS ENERGY SOLUTIONS LTD,"Mexborough Business Centre, College Road",Mexborough S64 9JP,,GB
AEL,MITSUBISHI CHEMICAL CORPORATION,1-1 MARUNOUCHI 1-CHOME CHIYODA-KU,TOKYO,100-8251,JP
AES,AES ANDRES,"Avenida Winston Churchill No. 1099, Torre Citigroup, en la plaza Acrópolis Piso 23, Ensanche Piantini",Santo Domingo,,DO
AEX,AFRICA EXPRESS LINE LTD,30 Tower View Kings Hill West Malling,Kent ME19 4UY,,GB
AFB,AFFILIPS NV,BIEZENSTRAAT PO BOX 26-31,TIENEN,3300,BE
AFI,AGMARK CAPITAL HOLDINGS INC.,"222, 2nd AVENUE NORTH SUITE 311","NASHVILLE, TN 37201",,US
AFM,ALFIL LOGISTICS S.A.,C/ CAL LLOQUER 38-48,EL PRAT DE LLOBREGAT,08820,ES
AGA,LINDE GAS BENELUX,POSTBUS 78,SCHIEDAM,3100 AB,NL
AGC,GREIWING LOGISTICS FOR YOU GMBH,CARL BENZ STR. 11-15,GREVEN,48268,DE
AGF,THE ARABIAN INDUSTRIAL GASES CO LLC DUBAI BRANCH,DUBAI INVESTMENT PARK,DUBAI,17229,AE
AGK,AGGREKO MANUFACTURING,"LOMONDGATE, STIRLING ROAD",DUMBARTON G82 3RG,,GB
AGL,AGUNSA-AGENCIA UNIVERSALES S.A,"AV. EL FERROCARRIL S/N, LAMPA",SANTIAGO,,CL
AGO,AIRGAS USA LLC.,31 N. Peoria Ave.,"Tulsa, OK 74120-1633",,US
AGP,A-GAS (UK) LTD,"BANYARD ROAD, PORTBURY WEST","BRISTOL, BS20 7XH",,GB
AID,ALBEMARLE CORPORATION,4250 Congress Street Suite 900,"Charlotte, NC 28209",,US
AIG,"AIRGGAS USA, LLC",31 N. Peoria Ave.,"Tulsa, OK 74120-1633",,US
AIM,TRS CONTAINERS & CHASSIS,301 E. ESSEX AVE. PO BOX 188,"AVENEL, NJ 0700-0188",,US
AIR,AIR PRODUCTS,1940 Air Products Boulevard,Allentown,18106-5500,US
AKB,ALLNEX RESINS NETHERLANDS BV,"Synthesebaan 1 (4612 RB), P.O. Box 79,",BERGEN OP ZOOM,4600 AB,NL
AKL,KAWASAKI KISEN KAISHA LTD - K LINE,"1-1, UCHISAIWAICHO 2-CHOME, CHIYODA-KU",TOKYO,100-8540,JP
AKM,ALTALOGOS LLC,"STREET MELKOVSKAYA, BUILDING 3",EKATERINBURG,620027,RU
AKV,AKVAZASHITA LLC,TOLBUKHINA STR. D.20,KALININGRAD,236006,RU
ALA,JSC EKOPET,BALTIYSKOYE SHOSSE 123,KALININGRAD,236013,RU
ALB,ALBLAS INT. TRANSPORT BV,MIJLWEG 86,S GRAVENDEEL,3295 KH,NL
ALC,AARTI INDUSTRIES LIMITED,"247 Embassy Park,Tower C, 401, 4th floor, LBS Marg., Vikhroli (West), Mumbai",Vikhroli (West),400083,IN
ALF,AIR LIQUIDE FAR EASTERN LTD,"No2, NANHUAN RD, CEPZ",WUQI /TAICHUNG,435,TW
ALG,AIR LIQUIDE GLOBAL HELIUM FZE,"PO Box 16848, Jebel Ali Free zone",DUBAI,,AE
ALJ,AIR LIQUIDE JAPAN LTD,"GRAMPARK TOWER 3-4-1, SHIBAURA MINATO-KU",TOKYO,108-8509,JP
ALK,ALTUN LOJISTIK A.S.,"Camiserif mah. İsmet İnonü Bulvarı,Batıhan İs mrk. No:82 D:2 AKDENIZ",MERSIN,33060,TR
ALN,CARU CONTAINERS BV,SEATTLEWEG 34,ROTTERDAM,3195 ND,NL
ALV,"AIR LIQUIDE ELECTRONICS MATERIALS (ZHANGJIAGANG) CO.,LTD","N°36, BEIJING ROAD, YANG ZHI RIVER PARK ZHANG JIAGANG",JIANG SU PROVINCE,215 635,CN
ALS,AIR LIQUIDE GAS AB,PO BOX 2911,MALMO,SE-21209,SE
ALT,VTG TANKTAINER ASSETS GMBH,Nagelsweg 34,HAMBURG,20097,DE
NOB,NORDIC BULKERS AB,PO BOX 434,GOTHENBURG,SE-401 26,SE
AMC,CMA-CGM,4 QUAI D''''ARENC,MARSEILLE CEDEX 02,13235,FR
AME,ACE CRANES & ENGINEERING FZ-LLC,Rakia Free Zone RAK,Al Hamra Al Jazirah,85652,AE
AMG,AMGAS SERVICES INC,261064 Wagon Wheel Cres,Rocky View,T4A0E2,CA
AMI,AMLF LOGISTICS PVT LTD,"PAP D 141, TURBHE TTC INDUSTRIAL AREA, TURBHE",NAVI MUMBAI,400705,IN
AMM,AMMANN ITALY SPA,VIA DELL'''' INDUSTRIA,BUSSOLENGO VERONA,37012,IT
AMO,AMOMATIC OY,"Lenkkitie 14,",Paimio,21530,FI
AMX,AUTAMAROCCHI S.P.A,"RIVA CADAMOSTO, 8/1",TRIESTE,34147,IT
ANE,ANSALDO ENERGIA SPA,VIA N. LORENZI PO BOX 8,GENOVA,16152,IT
ANH,ANHALT LOGISTICS GMBH & CO KG,TANNENWEG 1,BARGEN,25776,DE
ANY,ONE WAY LEASE INC.,1000 BROADWAY SUITE 425,"OAKLAND, CA-94607",,US
AOC,INNOSPEC LIMITED,"INNOSPEC MANUFACTURING PARK OIL SITES ROAD, ELLESMERE PORT","CHESHIRE, CH65 4EY",,GB
APA,APR ENERGY LLC,"4600 Touchton Rd., Bldg.100 suite 500","Jacksonville, FL 32246",,US
APE,ALSHIRAWI EQUIPMENT CO LLC,OIL FIELD EQUIPMENT ALQUOZ INDUSTRIAL AREA,DUBAI,10983,AE
APN,AQUA PHARMA AS,HOVEMOVEGEN 1,LILLEHAMMER,2624,NO
APS,"ALTORFER POWER SYSTEMS, INC",6315 W. FAUBER ROAD,"BARTONVILLE, IL-61607",,US
APV,SUN FLUORO SYSTEM CO LTD,"2-20-29 YOKOE, IBARAKI CITY",OSAKA,567-0865,JP
OPR,OPERATOR LLC,"Yaroslavskoe road, d. 146/2, office 416/1",Moscow,129347,RU
ARA,ARA F&D,"#85, GYEONNAERYANG 1-GIL SADEUNG-MYEON",GYEONGSANG-NAMDO,656-881,KR
ARC,SUNMARINE SHIPPING SERVICES LLC,PO BOX 25890,DUBAI,,AE
ARG,MAXIMA AIR SEPARATION CENTER LTD,10 Haogen St.,ASHDOD,7714101,IL
ARK,ARKAS SHIPPING AND TRANSPORT SA,Tekfen Tower Büyükdere Caddesi No:209 Levent-Şişli,Istanbul,34394,TR
ARM,ADAPTAINER LTD,"UNIT 3, ANGEL LANE FORE STREET",IPSWICH SUFFOLK IP4 1JX,,GB
ARP,EQUIPOS MOVILES DE CAMPANA ARPA S.A.U.,POL CENTROVIA C/LA HABANA.25 LA MUELA,ZARAGOZA,50198,ES
ASC,ABS- CONTAINERS BV,Bunschotenweg 200,Rotterdam,3089 KC,NL
ASM,ALPAS SERVIS LTD,Yan Fabricius str. 3,Pskov,180017,RU
ASN,ALISAN ULUSLARARASI TASIMACILIK VE TICARET AS,IGERENTOY MH. DEGIRMENYOLU CAD. N°128 ASIA OFIS PARK A2 BLOK K1,"ATASEHIR, ISTANBUL",34752,TR
ASR,ARMED FORCES OF THE SLOVAK REPUBLIC,Námestie gnerála Viesta 2,BRATISLAVA,832 47,SK
ASS,SOCIETA AUTOTRASPORTI SPECIALI S.P.A,VIA GAVIOLI 8,CASTELMASSA (RO),IT 45035,IT
ASU,ALCOSUISSE,Industriestrasse 10,RÜTI B. BÜREN,CH 3295,CH
ATA,AMATO TRANSPORTS AFFRETEMENT,"ZI le Ventillon, lot 35-36",FOS SUR MER,13270,FR
ATB,A-TAINER & SERVICE,GRUSONSTR. 71,HAMBURG,D-22113,DE
CCR,EUROTAINER SA,4-10 avenue André Malraux,Levallois-Perret,92300,FR
AIT,ARKEMA B.V. LOCATION ROTTERDAM,Tankhoofd 10,Vondelingenplaat,3196 KE,NL
ATS,ANSTO,Locked Bag 2001,Kirrawee DC,2232,AU
ATX,ANDERSON TRUCKING SERVICES,725 Opportunity Drive,"St. Cloud, MN 56301",,US
AUG,QUEHENBERGER LOGISTICS GMBH,GEWERBEGEBIET NORD 5,STRASSWALCHEN,5204,AT
AVC,AMVAC CHEMICAL COPORATION,12650 Hwy. 43,AXIS,AL-36505,US
AVR,SIA ALPA VAGONS,EGLAINES IELA 1,RIGA,LV-1057,LV
AVS,REC ADVANCED SILICON MATERIALS LLC,119140 RICK JONES WAY,"SILVER BOW, MT 59750",,US
AWI,ALFRED-WEGENER-INSTITUT HELMHOLTZ-ZENTRUM FUR POLAR,AM HANDELSHAFEN 12,BREMERHAVEN,27570,DE
AWO,OY WOIKOSKI AB,Virransalmentie 2023,Voikoski,45120,FI
AWV,AIR WATER VIETNAM CO LTD HA NAM BRANCH,"DONG VAN III support IZ, DONG VAN WARD, DUY TIEN TOWN,","HA NAM PROVINCE,",74000,VN
AWX,ALASKA WEST EXPRESS INC.,1095 SANDURI,"FAIRBANKS, AK 99701",,US
AXE,ASEAN SEAS LINE CO LIMITED,"Rm2301,No.1318 North Sichuan Road,",Shanghai,200080,CN
CAS,HAPAG LLOYD A.G,25 BALLINDAMM,HAMBURG,D_20095,DE
BAE,BAE SYSTEMS,4800 EAST RIVER ROAD,"FRIDLEY, MN-55421",,US
BAF,BULKHAUL LTD,BRIGNELL ROAD RIVERSIDE PARK INDUSTRIAL ESTATE,MIDDLESBROUGH CLEVELAND,TS2 1PS,GB
BAK,BADRAKH ENERGY LLC,ICC Tower Jamyan street-9 1st khoroo Sukhbaatar district,Ulaanbaatar,,MN
BAB,SPEDITION BAUMLE GMBH,Hauptstrasse 76,Murg,79730,DE
BAR,BARBADOS BOTTLING CO.LTD,"NEWTON, CHRIST CHURCH",BRIDGETOWN,BB17047,BB
BAS,BRITISH ANTARCTIC SURVEY,HIGH CROSS MADINGLEY ROAD,CAMBRIDGE,CB3 0ET,GB
BAT,CONTAINER BOXES 4 SALE,MALAKKASTRAAT 51,ROTTEDAM-MAASVLAKTE,3199 LK,NL
BAY,CHEMION LOGISTIK GMBH,Kaiser-Wilhelm-Allee,LEVERKUSEN,51368,DE
BBC,CONTENEDORES Y EMBALAJES NORMALIZADOS S.A,"Polígono Silvota, Peñasanta 12",Llanera-Asturias,33192,ES
BBR,ITAKA TRANS LLC,"Alleya Lipovaya, 9, litera A, pom. 23N office 721",Saint-Petersburg,197183,RU
BBU,BSL CONTAINERS LIMITED,"507-508 Midas Plaza, 1 Tai Yau Street",KOWLOON,,HK
BBX,BESTBOX- CONTAINERHANDEL e.K,SCHOTTWEG 40,HAMBURG,22087,DE
BCC,BERTSCHI AG,HUTMATTSTRASSE 22,DUERRENAESCH,CH_5724,CH
BCD,BELARUSIAN RAILWAY,17 LENINA STREET,MINSK,2200030,BY
BCE,BEAUDIN CONSULTING EQUIPMENT,4537 Grange Rd,"Santa Rosa, CA-95404",,US
BCG,BLOEDORN CONTAINER GMBH,GISELHERSTR 1,DORTMUND,44319,DE
BCH,BRAUN CONTAINER HANDELS GMBH,GEORG-WILHELM-STR.181,HAMBURG,DE 21107,DE
BCI,AL BAHA COMPANY FOR CAUSTIC-CHLORINE INDUSTRY,"Al Halabat (P) Box 141), Azraq Road",Zarqa,13136,JO
BCL,BERMUDA CONTAINER LINE LTD,14 PAR-LA-VILLE ROAD,HAMILTON,HM 08,BM
BCN,BNS CONTAINER AS,JERIKOVEIEN 14 PO BOX 26 - ALNABRU,OSLO,NO 0614,NO
BCX,BARCELONA CONTAINER SERVICE DEPOT S.L.,RONDA DEL PORTE 437,BARCELONA,08039,ES
BDC,BD CONTAINERS BV,RUIJGOORDWEG 100,AMSTERDAM,1047 HM,NL
BDS,BULK DISTRIBUTORS SDN BHD,"15 KCIP, JALAN 5, OFF LORONG SG. PULUH BATU 5 JALAN KAPAR -SELANGOR DARUL EHSAN",KLANG,41400,MY
BEL,BELL-MAR SHIPPING LTD,HA''''BANKIM RD # 16 PO BOX 33047,HAIFA,31330,IL
BER,BERG MANUFACTURING,6811 E. Mission,"SPOKANE, WA 99212",,US
BES,"BESTCHEM GROUP HOLDINGS CO.,LIMITED",Flat Room 19 C Lockhart Centre 301-307 Lockhart Road,WAN CHAI,,HK
BEX,BLUE EXPRESS INC,10 OHAMA-NISHI-MACHI SAKAI-KU,SAKAI CITY,590-0977,JP
BGF,B.G.FREIGHT LINE B.V,PO BOX 54022 DEN HAMWEG 30,ROTTERDAM,3008 JA,NL
BGG,BRUNO SRL,S.S 91 KM 0.600,GROTTAMINARDA,83035,IT
BGK,BAYER AG,RECHNUNGSEINGANGSSTELLE,LEVERKUSEN,51368,DE
BGR,BUNDESANSTALT FUR GEOWISSENSCHAFTEN UND ROHSTOFFE,STILLEWEG 2,HANNOVER,30655,DE
BGS,UKRI / BRITISH GEOLOGICAL SURVEY,NICKER HILL,Keyworth,NG12 5GG,GB
BHC,BRIDGEHEAD CONTAINER SERVICES LTD,CUNARD BUILDING WATER STREET,LIVERPOOL,L3 1DS,GB
BHL,BIG LIFT SHIPPING,RADARWEG 36 PO BOX 2599,AMSTERDAM,1042 AA,NL
BHS,BUZWAIR GASES,"Building 169, Street 28, Industrial Area,",Doha,,QA
BIB,CORSYDE INTERNATIONAL GMBH & CO KG,REUCHLINSTRASSE 10-11,BERLIN,10553,DE
BIR,BUKARA,Unit No: 332 DMCC Business Centre Level No 1 Jewellery & Gemplex 3,DUBAI,,AE
BIS,BERMUDA INTERNATIONAL SHIPPING LTD,35 CHURCH STREET,HAMILTON,HM12,BM
BIT,MEEBERG CONTAINER SERVICE BV,Konijnenberg 42,"Breda, Noord-Brabant",4825 BD,NL
BJC,BOXJOIN CORPORATION,"Room 1001, Daewoo The O Ville, 115, Hangang-daero, Yongsan-gu,",SEOUL,04376,KR
BJH,SHANGHAI BAIJIN CHEMICAL GROUP CO LTD,"26F SINO LIFE INSURANCE BUILDING N°707 ZHANGYANG ROAD , PUDONG",SHANGHAI,200120,CN
BKM,BARENTS CONTAINER MANAGEMENT LTD,ARKHANGELSK NAB SEVERNOY DVINY 68,ARKHANGELSK,163000,RU
BKW,ROYAL BOSKALIS WESTMINSTER N.V.,ROSMOLENWEG 20 PO BOX 43,PAPENDRECHT,3356 LK,NL
BLP,BALTIC SHIPPING (PVT) LTD,"LEVEL 0, BHOJA TERRACE, SHAHRAH-E-MIAQUA",KARACHI,74200,PK
BLR,BELINTERTRANS,"6B, VORONYANSKOGO STREET",MINSK,220039,BY
BLT,BALTICON S.A.,ul. T. Wendy 15,GDYNIA,81-341,PL
BLZ,BLPL SINGAPORE PTE LTD,120 LOWER DELTA ROAD #06-11 CENDEX CENTRE,Singapore,169208,SG
BML,KING OCEAN SERVICES LTD,11000 NW 29 STREET - SUITE 201,"DORAL, FL 33172",,US
BMP,BISMARK MARITIME LTD,STANLEY ESPLANADE PO BOX 1824,PORT MORESBY,0211,PG
BNB,TRANSOLVE GLOBAL PTY LTD,"Level 1, 17-19 Alberta Street","SYDNEY, NSW",2000,AU
BNG,SUPERIOR INTERNATIONAL IMPORTS,Unit 140 – 6333 Graybar Road,Richmond BC,V6W 0C4,CA
BOD,SPEDITION BODE GMBH & CO. KG,Feldstrasse 02,Reinfeld,23858,DE
BOH,"BOH ENVIRONMENTAL , LLC",143 Terra Bella blvd.,Covington,70433,US
BOL,BOLUDA LINES S.A,"PASEO DE CARO, S/N",VALENCIA,46024,ES
BOO,BOBE SPEDITIONS GMBH,Meierweg 1,BAD SALZUFLEN,32108,DE
BOR,BORCHARD LINES LTD,"5th Floor, Bevis Marks House, 24 Bevis Marks",LONDON,EC3A 7JB,GB
BPI,BULK PIONEER LOGISTICS CO LTD,"ROOM E1, 13/FL, NOBLE CENTER N°1006, 3RD FUZHONG RD, FUTAIN DISTRICT",SHENZHEN,518026,CN
BPM,BP MC KEEFRY LTD,BULK TRANSPORT SOLUTIONS 114 GROVE ROAD,SWATRAGH,BT46 5QZ,IE
BPT,BRAID LOGISTICS (UK) LIMITED,RIVERSIDE BRAEHEAD 4 KING INCH WAY,RENFREW,PA4 8YU,GB
BRC,"QINHUANGDAO QIN-IN FERRY CO.,LTD",NO.28 HAIBIN ROAD,QINHUANGDAO,HEB335,CN
BRD,BREDENOORD,Zutphensestraat 319,Apeldoorn,7325WT,NL
BRE,S.A.T.I. SRL,VIA CAROBE 1,GIANICO (BS),25040,IT
BRH,BRENNTAG NV,Nijverheidslaan 38,Deerlijk-West Vlaanderen,8540,BE
BRN,LOCATANK S.A.,7 RUE CHARLES PIOT - BP 1,EYBENS,38320,FR
BRO,T.S.B SARL,"25, RUE MONPLAISIR",CASTELJALOUX,47700,FR
BRZ,CONTAINER EXPRESS CORPORATION,6499 N.POWERLINE RD SUITE 101,"FT LAUDERLALE, FL 33309",,US
BSB,BIGSTEEL BOX CORPORATION,# 1000-1631 DICKSON AVENUE,Kelowna- BC V1Y 0B5,,CA
BSI,BLUE SKY INTERMODAL (UK) LTD,"1st Floor, 34 – 44 Spittal Street",Marlow (Buckinghamshir),SL7 1DB,GB
BSS,BHAVANI SHIPPING SERVICES (I) PVT LTD,"610 V-TIMES SQUARE, PLOT NO 3, SECTOR 15, CBD BELAPUR",NAVI MUMBAI,400614,IN
BTE,BRUHN TRANSPORT EQUIPMENT GMBH & CO,KARLSTRASSE 14,LUBECK,D_23554,DE
BTG,BRENNTAG UK LIMITED,"Suite 31-33, Edwin Foden Business Centre - Sandbach",Cheshire CW11 3AE,,GB
BTL,BULK TAINER LOGISTICS,"22 Ellerbeck Court, Stokesley Business Park, Stokesley",North Yorkshire,TS9 5PT,GB
BTT,DB CARGO BTT GMBH,Rheinstrasse 2,MAINZ,DE 55116,DE
BUL,BULKGLOBAL LOGISTICS LTD,1 PARK CLOSE,LONDON NW10 7DY,,GB
BSR,BAL CONTAINER LINE CO LIMITED,"Office No. 2, 20/F, 135 Bonham Strand Centre, 135 Bonham Strand",Sheung Wan,999077,HK
BUS,H. BUTEFUHR & SOHN GMBH & CO KG,AM ROEHRENWERK 35,DUISBURG,47259,DE
BUT,BROINTERMED LINES LIMITED,"QUAYSIDE COURT, THE QUAY, ESSEX","HARWICH, CO12 3HH",,GB
BUZ,BUZZATTI TRASPORTI SRL,VIA GRESAL 54 / A,SEDICO (BL),IT 32036,IT
BVH,CRYOGENIC CONTAINER SOLUTIONS B.V.,Wilhelminakade 85,ROTTERDAM,3072 AP,NL
BVI,STOLT TANK CONTAINERS LEASING LTD,"XL BUILDING, ONE BERMUDIANA ROAD PO BOX HM 3141",HAMILTON,HM NX,BM
BVN,BENEVENTI SRL,"KERAKOLL Spa Headquarter Via dell’Artigianato, 9",SASSUOLO (MO),41049,IT
BWC,BAY LOGISTIK GMBH & CO KG,SCHUETTELGRABENRING 3,WAIBLINGEN,71332,DE
BWL,BLUE WATER LINES PTE LTD,"3 Shenton Way, #15-12 Shenton House,",Singapore,068805,SG
BWP,LOGISTIKZENTRUM DER BUNDESWEHR,CONTPALZBWUGMI ANTON-DOHRN-WEG 59,WILHELMSHAVEN,DE 26389,DE
BWT,DAMEN GREEN SOLUTIONS B.V,INDUSTRIE TERREIN AVELINGEN WEST 20,GORINCHEM,4202 MS,NL
BXS,BLUE EXPRESS (SHANGHAI) INTL FREIGHT FORWARDING CO.LTD,ROOM S2002 -SHANGHAI STOCK EXCHANGE BLDG N°528 SOUTH PUDONG ROAD,SHANGHAI,200120,CN
BYM,PRIVATE LIMITED COMPANY OU RODELINDA,PETERBURI MNT 62,TALLINN,11415,EE
BYR,BYRNE EQUIPMENT RENTAL LLC,Dubai Industrial City,Dubai,50283,AE
BZT,BOX2TRADE B.V,BUTAANWEG 52-54,ROTTERDAM,3196 KC,NL
BEA,CAI INTERNATIONAL,STEUART TOWER - 1 MARKET PLAZA SUITE 2400,"SAN FRANCISCO, CA 94105",94105,US
CAK,CAMELLIA LINE CO LTD,"14-1 OKIHAMA-MACHI, HAKATA-KU",FUKUOKA CITY,812-0031,JP
CAM,MGC PURE CHEMICALS AMERICA,6560 SOUTH MOUNTAIN ROAD,"MESA,ARIZONA 85212",,US
CAU,CAMPAS CONTAINERS,Jens Juuls Vej 8,Viby J,DK - 8260,DK
CBK,BELARUSKALI JSC,"ST KORZH,5","SOLIGORSK, MINSK REGION",223710,BY
CBL,CBOX CONTAINERS EQUIPMENT BV,Elbaweg 11,Amsterdam,1044 AK,NL
BCO,N.V. COBO CONSTRUCTION,NW. CHARLESBURGWEG 97,PARAMARIBO,AA0000,SR
CBP,CBSL TRANSPORTATION SERVICES INC,4750 SOUTH MERRIMAC AVENUE,"CHICAGO, IL-60638",,US
CBR,CANBERRA CONTAINERS,MORISSET ROAD MITCHELL ACT 2911,KAMBAH,2902,AU
CCC,CONRAIL CONTAINER GMBH,Mümmelmannsberg 17,Hamburg,22115,DE
CCD,CONRO CONTAINER GMBH,Rübenkamp 20,SEEVETAL,21220,DE
CCE,JUNTAI CONTAINER COMPANY LIMITED,"Room 710, 7/F., Wing On Plaza, 62 Mody Road, Tsim Sha Tsui",Kowloon,,HK
CCG,CATU CONTAINERS SA,36 AV. CARDINAL MERMILLOD P.O. BOX 1504,CAROUGE-GENEVE,CH_1227,CH
CCH,YARA TERTRE S.A,RUE DE LA CARBO 10,TERTRE,B-7333,BE
CCL,"COSCO SHIPPING DEVELOPMENT (ASIA) CO.,LTD","50/F, COSCO Tower, 183 queen''''s road central",,,HK
CCM,MERCITALIA RAIL,Roma Piazza Ccroce Rossa n° 1,Rome,00161,IT
CCO,A-GAS AMERICAS (REFRIGERANTS & CARBON OFFSETS),11050 S US HWY 287,"RHOME, TX-76078",,US
CCS,SERVIAL CC,RAMLOSEVEJ 59,HELSINGE,3200,DK
CCY,CHIMI ART (CYPRUS) LTD,"2, Kimonos street, Acropoli",Nicosia,2001,CY
CDK,CONTAINERLAND DANMARK,39 JERNHOLMEN,HVIDOVRE,2650,DK
CDM,CONTAINER DEPOT MUNCHEN GMBH,MUNCHNER STRASSE 26,UNTERFOEHRING,D-85774,DE
CDN,COMPAGNIE DES ILES DU NORD,PORT DE PUBLIC APT 6,SAINT BARTHELEMY,97133,FR
CEO,TEXTAINER EQUIPMENT MANAGEMENT LIMITED,"Century House, 16 Par-la-Ville Road",Hamilton HM 08,,BM
CEP,C.E.P S.R.L,DEPARTMENT ENERGY Z.I. FEGOTTO,CALATAFIMI SEGESTA (TP),91013,IT
CER,RIVERSIDE RESOURCE RECOVERY LTD,ENERGY FROM WASTE NORMAN ROAD,DAI7 6JY,,GB
CET,CAREL S.A.,"131, PRAXITELOUS STREET",PIRAEUS,18532,GR
CEU,CHINA EASTERN CONTAINERS LIMITED,"Rm 8, Midas Plaza, 1 Tai Yau Street, San Po Kong",HONG KONG,,HK
CEX,CHEMICAL EXPRESS SRL,VIA LUIGI VOLPICELLA 194,NAPOLI NA,IT 80147,IT
CFB,CHEMISCHE FABRIK KARL BUCHER GMBH,An der Günz 1,Waldstetten,89367,DE
CFC,DEPARTMENT OF NATIONAL DEFENCE (DND),DCSEM 2-2-1 - MGEN GEORGE R.PEARKES BLD 101 COLONEL BY DR.,"OTTAWA, ONTARIO K1A OK2",,CA
CFR,CF&S RUSSIA LTD,"Varshavskoe shosse 1, bld.6, office A308",MOSCOW,117105,RU
LCA,PRAXAIR COSTA RICA S.A.,ALAJUELA COSTA RICA PARQUE INDUSTRIAL PRO PARK,SAN JOSE,1652550,CR
CGB,COREGAS PTY LTD,66 LOFTUS ROAD,YENNORA,NSW 2161,AU
CGC,C.A.B. COOPERATIVA AUTOTRASPORTATORI SOC.COOP,VIA I° MAGGIO N.28 GIANO DELL''''UMBRIA,PERUGIA,IT 06030,IT
CGI,CONGLOBAL INDUSTRIES,2633 CAMINO RAMON SUITE 450,"SAN RAMON , CA 94583",,US
CGR,CARGOR BIZKAIA S.L.,"BILBAO PORT, ZONA ZAL MUELLE AZ-3",ZIERBENA,48508,ES
CGS,SAPIO PRODUZIONE IDROGENO OSSIGENO SRL,"VIA SILVIO PELLICO, 48",MONZA (MB),IT 20900,IT
CHE,LLC CHEMRESURS-LOGISTIKA,"Karl Liebknecht St, 24/2, apt 5",Yaroslavl,150043,RU
CHH,CLH CONTAINER LOGISTIC HAMBURG GMBH & CO KG,Wendenstr. 1A,HAMBURG,20097,DE
CHM,ALBEMARLE GERMANY GMBH,INNERSTETAL 2,LANGELSHEIM,38685,DE
CHQ,CHEMBRO QUIMICA LTDA,RUA HENRIQUE NOVAES 88 SALA 1201 CENTRO,VITORIA-ES,29010-409,BR
CHR,CHEMOURS COMPANY FC LLC,1007 Market Street,"WILMINGTON, DE-19801",,US
CHS,CHS CONTAINER HANDEL GMBH,TILLMANNSTR. 19 PO BOX 21 03 39,BREMEN,D_28239,DE
CHV,CHV CONTAINERHANDELS UND VERMIETUNGSGES MBH,LASTENSTRASSE 30,WIEN,A_1230,AT
CHX,CHEMCO AS,Marikovvegen 50,STRUSSHAMN,5302,NO
CIC,CIMC CONTAINERS HOLDING COMPANY LTD,"5F No.9 building CIMC Park, No.1 Nanshan Avenue, SongshanLake ECO-Industrial Park, Dongguan",GUANGDONG,518051,CN
CIG,EDF,"UTO - DGDT 1, AVENUE DE L''''EUROPE",MONTEVRAIN,77144,FR
ADO,CARGOSTORE WORLDWIDE TRADING LIMITED,"THE OLD EXCHANGE, 12 COMPTON ROAD WIMBLEDON",LONDON SW19 7QD,SW19 7QD,GB
CIS,CON.S.AR. SOC. COOP. CONS.,VIA VICOLI 93 C.P. 416,RAVENNA RA,IT 48124,IT
CJY,"CHONGQING TRANSPORTATION HOLDING (GROUP) CO,LTD","N°99,WUXING ROAD,SHUANGLONGHU STREET",CHONGQING,400000,CN
CKC,SOLSINO LTD,"ROOM 604, KALOK BUILDING, 720 NATHAN RD",HONG KONG,,HK
CKE,CELERITY TANK LOGISTICS (CHINA) LTD,"FLAT/RM 1201, 12/F AT TOWER 180 ELECTRIC RD NORTH POINT",HONG KONG,,HK
CKF,LIANYUNGANG C-K FERRY CO LTD,D-12 SUNNY INTL CENTER ZHAIBIN RD,LIANYUNGANG CITY,222042,CN
CKL,CEEKAY SHIPPING AND MARINE SERVICES LTD,"ANCHORAGE, NEAR AMARNATH PATIL GROUP FF GOVANOI STATION ROAD GOVANDI (E)",MUMBAI,400 088,IN
CKS,CK LINE CO LTD,"FLOOR 7 BOSEUNG BUILDING 163-3, 2-GA EULJI-RO, JUNG-GU",SEOUL,100-845,KR
CKT,COOL WORLD NEDERLAND BV,DUIKERWEG 34 PO BOX 338,WAALWIJK,5140 AH,NL
CKX,"CAKEBOXX TECHNOLOGIES,LLC",1499 Chain Bridge Road Suite 104,"MCLEAN, VA 22101",,US
CLC,CARU PRAHA S.R.O,U Čističky 385,Mochov,50 87,CZ
CLD,CLDN CARGO NV,ALFRED RONSESTRAAT 100,ZEEBRUGGE,B-8380,BE
CLE,"CLEAN HARBORS ENVIRONMENTAL SERVICES, INC",42 Longwater Drive,"Norwell, MA 02061",,US
CLI,CLBT S.R.L,INTERPORTO DI BOLOGNA- BLOCCO 9.2,BENTIVOGLIO - BO,40010,IT
CLK,"CALT(CITY AIRPORT, LOGIS&TRAVEL)","Teheranro 87 Gil 22, Gangnam-gu","Seoul, 159-6, Samseoung-dong",,KR
CLL,CASSILON LIMITED,"THE DHOON, QUINTONS ROAD EAST BERGHOLT",Colchester- Essex C07 6RB,,GB
CLO,SEACO SRL,"2ND FLOOR, THOMAS BUILDING HINCKS STREET",BRIDGETOWN,BB11144,BB
CLS,CARAVEL LOGISTICS PRIVATE LIMITED,"DOOR NO: 484, PANTHEON PLAZA PANTHEON ROAD, EGMORE",CHENNAI,600008,IN
CLT,SOGECO INTERNATIONAL SA,Via San Salvatore 13,PARADISO - LUGANO,6900,CH
CLV,CLEVELAND CONTAINERS,23A FALCON COURT,STOCKTON ON TEES,TS18 3 TX,GB
CLW,CONLOG OY,AHMASJARVENTIE 2-4,YLIKIIMINKI,91300,FI
CMC,CROWLEY LINER SERVICES INC,9487 REGENCY SQUARE BLVD NORTH,JACKSONVILLE,32225,US
CMG,CEMENGAL SA,CALLE ANTONIO LOPEZ 247-249 2E PLANTA,MADRID,28041,ES
CMT,IJ-CONTAINER APS,KONGELYSVEJ 6 B,GENTOFTE,DK-2820,DK
CMZ,CORNELDER DE MOZAMBIQUE S.A,PORTO DA BEIRA-LARGO DOS C.F.M-C,PO BOX 236 - BEIRA,,MZ
CNA,TECHNIC-FRANCE,"15, RUE DE LA MONTJOIE BP 79",SAINT-DENIS LA PLAINE,93212,FR
CNS,SPINNAKER LEASING CORPORATION,"601 Montgomery Street, Suite 520","San Francisco, CA 94111-2602",,US
CNX,IFREMER,1625 route de Sainte-Anne,PLOUZANE,29280,FR
COB,SONANGOL PESQUISA & PRODUCAO SA,AVENIDA 4 DE FEVEREIRO PO BOX NR 197,LUANDA,5997,AO
COC,SAMSKIP MCL BV,WAALHAVEN OZ 81,ROTTERDAM,3087 BM,NL
COM,COMMONWEALTH STEEL COMPANY PTY LTD,P.O. BOX 14 MAUD STREET,WARATAH,NSW 2298,AU
CON,CONTAINER OF AMERICA LLC,6278 N Federal Hwy Suite 615,"FT.LAUDERDALE, FL 33308",,US
COO,CO-OPERATOR CONTAINER TRANSPORT & LOGISTIC GMBH,INNSBRUCKER STR.198,BREMEN,DE 28215,DE
COP,MAXX SERVICES LIMITED,"131 AYIAS FILAXEOS STREET SPACE COURT, OFF 302",LIMASSOL,3083,CY
COQ,CONCISA,AV ALBUFERA 323 / PLANTA-1 EDIFICIO VALLAUSA,MADRID,28 031,ES
CPA,COMBIPASS SAS,FORUM DE COURTINE 610 RUE DU GD GIGOGNAN BP 910,AVIGNON CEDEX 09,84090,FR
CPB,CANONS PARK EQUIPMENT CO LTD,"FLAT ''''R'''', 5/F UNIVERSAL MANSION 52 HILLWOOD ROAD",TST,,HK
CPD,IES DOWNSTREAM LLC,91-480 MALAKOLE ST,"KAPOLEI, HI 96707-1807",,US
CPL,CONTAINERPLUS BV,BREDENDAM 7,RUCPHEN,4715 SG,NL
CPK,CANADIAN PACIFIC RAILWAY COMPANY,1290 CENTRAL PARKWAY WEST SUITE 800 / 8TH FLOOR,"MISSISSAUGA, ONT L5C 4R3",,CA
CPT,TK SRT,"UL. 60 LET OKTYABRYA, D. 105, pom. 10",Krasnoyarsk,660079,RU
CRB,CHINA RAILWAY TIELONG CONTAINER LOGISTIC CO LTD DALIAN LOGISTIC BRANCH,908# HONGYUAN BUILDING N°23 RENMIN ROAD ZHONGSHAN DISTRICT,DALIAN,116001,CN
CRG,CARGOTAINER GMBH,OLHAFENSTRASSE 36,MANNHEIM,68169,DE
CRJ,CHINA RAILWAY INTERNATIONAL MULTIMODAL TRANSPORT CO.LTD,"12F, YUEDU HOTEL,N°.JIA 1 LIULIQIAO BEILI , FENGTAI",BEIJING,100161,CN
CRK,CURT RICHTER SE,MANFORTER STR 16,KOELN,51063,DE
CRL,SEACUBE CONTAINERS LLC.,123 TICE BOULEVARD,"WOODCLIFF LAKE, N.J. 07677",,US
CRN,PT INDONESIA RUIPI NICKEL AND CHROME ALLOY,"GEDUNG IMIP, JALAN BATU MULIA 8 RT. 007 RW. 007 MERUYA UTARA KEMBANGAN KOTA ADM. JAKARTA BARAT DKI",JAKARTA,11620,ID
CRO,"CRYOS CO., LTD.","#155, Hwajeonsandan1-ro, Gangseo-gu",Busan,46741,KR
CRP,CIMAR RENTING SA,RUA DAS CANGAS-ARVORE,VILA DO CONDE,4480-059,PT
CRY,CRYOTAINER BV,Fokkerstraat 507,SCHIEDAM,3100 AC,NL
CSA,CORPORATIVO DE SERVICIOS AMBIENTALES S.A DE C.V,C.PIJIJE 101-L4.FRACC.LA CHOCA TABASCO 2000,"VILLAHERMOSA, TABASCO",86035,MX
CSC,CONTAINER SOLUTIONS CO LLC,"Street # 69, Plot # 599-1012, Jebel Ali Ind # 3",DUBAI,49867,AE
CSI,CSI GROUP LLC,"1212 Hancock St, Suite #305",QUINCY MA-02169,,US
CSN,COSCO SHIPPING LINES CO LTD,No.378 Dong Daming Rd,Shanghai,200080,CN
CSR,CRYO SERVICE SRL,"VIA DELL'''' ARTIGIANATO, 32-36",SOMAGLIA (LO),26867,IT
CSH,CONTAINER SALES (UK) LTD,"25 Brussels Road, Pallion West Ind. Est.",Sunderland,SR4 6SJ,GB
CST,CONTAINER-SERVICE FRIEDRICH TIEMANN GMBH,GRAUWALLRING 13,BREMERHAVEN,27580,DE
CSU,CONTAINER SPEDITIONS UND TRANSPORT GMBH,INDUSTRIEST 55,HAMBURG,21107,DE
CSZ,CONTAINER STORAGE,9190 Double Diamond Parkway Suite 124,"Reno, NV 89521",,US
CTC,TERMCOTANK SA,"5, RUE PEDRO MEYLAN",GENEVE,1208,CH
CTF,CON.A.P. SCRL,VIA UMBRIA 1/3,FIORENZUOLA DARDA PC,IT 29017,IT
CTH,CHEMICAL TRANSFER CO. INC.,3105 SOUTH EL DORADO P.O. BOX 6036,"STOCKTON, CA 95206",95206,US
CTK,CONTANK S.A.,TRAVESSERA DE CAN ESTAPE 5-7 POLIGONO INDUSTRIAL CAN ESTAPE,CASTELLBISBAL (BARCELONA),08755,ES
CTL,CTL-ICS B.V.,"Postbus 7418,",Zuid-Beijerland,NL-3284 ZG,NL
CTM,CETEM CONTAINERS N.V.,LUITHAGEN 9 - HAVEN,ANTWERP,2030,BE
CTP,PT PELAYARAN CARAKA TIRTA PERKASA,JALAN TOMANG RAYA N°57,JAKARTA,11440,ID
CTQ,CTR INTERNATIONAL INC.,"1111, boulevard St-Laurent est.",Louiseville,J5V 2L4,CA
CTR,H.ESSERS TRANSPORT COMPANY NEDERLAND BV,BLANKENWEG 11,BERGEN OP ZOOM,NL 4612 RC,NL
CTX,CONTAINEX CONTAINER -HANDELSGESELLSCHAFT MBH,INDUSTRIEZENTRUM NIEDEROSTERREICH IZ.NO.SUD - STRASSE 14,WIENER NEUDORF,2355,AT
CUL,CHINA UNITED LINES LTD,"24/F JINAN TOWER, N°908 DAMING ROAD",SHANGHAI,200082,CN
CUN,COMBIUNITS AS,EIDSVAGVEIEN 5,EIDSVAGNESET,5101,NO
CVV,CV SUKSES MAJU BERSAMA,GIIC Kota DELTAMAS Blok AB No.26 Jl. Tol JKT Cikampek KM.37 Cikarang Pusat,BEKASI,17530,ID
CWL,CONTAINERWORLD (PTY) LTD,101 MUSGRAVE PARK / 18 MUSGRAVE ROAD PO BOX 50502,DURBAN,4001,ZA
CWS,GCATAINER BV,MIDDENWEG 28 PO BOX 6063,MOERDIJK,4782 PM,NL
CXC,"MATSON NAVIGATION COMPANY, INC",555 12TH STREET-SUITE 700,"OAKLAND, CA 94610",,US
CXH,CEX (HKG) LIMITED,"Unit B,17/F, CNT Tower, 338 Hennessy Road","Wanchai, Hong Kong",,HK
CXN,CONTAINER CORPORATION OF INDIA LTD.,"CONCOR BHAWAN, C-3, MATHURA ROAD",NEW DELHI,110 076,IN
CYA,"CYANCO INTERNATIONAL,LLC","6190 Mae Anne Ave., Suite 1","RENO, NV 89523",,US
CYC,TRANSPLANNER SP ZOO,PSZENNA 112 A,BANINO,80-297,PL
CYL,CRYOLOR,Z.I. des Jonquières - 2 rue Louis Blériot,ENNERY,57365,FR
CYZ,"CRRC YANGTZE CO., LTD.","Daqiao New Area, Jiangxia District, Wuhan City, Hubei Province, P.R.China",Wuhan,430212,CN
CZP,CONZEPT CONTAINER MODULBAU & HANDEL GMBH,RADINGERSTRASSE 16,SALZBURG,5020,AT
CZT,"NEW CENTRANS INTERNATIONAL MARINE SHIPPING CO., LIMITED","29/F,EIB CENTRE,40-44 BONHAM STRAND EAST SHEUNG WAN",,,HK
DAD,TANKTRAILER NEDERLAND,GROENEKRUISWEG 4 POSTBUS 7241,NUMANSDORP,3281 KB,NL
DAI,"DAIKIN INDUSTRIES, LTD","Osaka Umeda Twin Towers South,1-13-1,Umeda,Kita-ku",Osaka,530-0001,JP
DAX,NAVIERA DIRECT AFRICA LINE S.A,"Calle Antonio González Echarte, nº1, (Edificio Midori) Planta 3ª, derecha",MADRID,28029,ES
DBC,DRY BOX INC,132 ESTEP ROAD,"CHEHALIS, WA-98532",,US
DBO,DE BOER CONTAINER TRADING B.V.,Ringovenweg 1,SUSTEREN,6114 KV,NL
DBV,DBV BAUMASCHINEN & BAUGERAETEVERTRIEBS GMBH,RUSELSTRASSE 84,DEGGENDORF,94469,DE
DBX,DB CARGO AG,RHEINSTRASSE. 2,MAINZ,55116,DE
DBZ,ISTALKO ALKOL TRANSIT TICARET LIMITED SIRKETI,Omer avni mah.Molla bayiri sok.Remzi kokcin apt.no: 7/3,"KABATAS-BEYOGLU, ISTANBUL",34427,TR
DCA,CACI,CESCOF/DO/BCL/SEC/maintenance BP 50098,RAMBOUILLET CEDEX,78513,FR
DCH,DMITRIEVSKY CHEMICAL PLANT - PRODUCTION,"Proizvodstvennaya str., 1,","Kineshma, Ivanovo region",155800,RU
DCI,DANA CONTAINER INC.,210 EAST ESSEX AVENUE PO BOX 482,"AVENEL, NJ 07001",,US
DCL,DEUCON CHEMIELOGISTIK GMBH,Buchholzer Strasse 7-9,Hanstedt,21271,DE
SGA,MINISTERE DE LA DEFENSE (DCSID),"3, RUE DE L''''INDEPENDANCE AMERICAINE",VERSAILLES,78000,FR
DCS,DANISH CONTAINER SUPPLY,VIRKELYST 8,NOERRESUNDBY,9400,DK
DDE,DE DECKER - VAN RIET BVBA,KOUTERBAAN 40,LONDERZEEL-MALDEREN,B-1840,BE
DEB,NASACO INTERNATIONAL LIMITED,PETITE RUE 3,COSSONAY-VILLE,1304,CH
DEC,DECCAN FINE CHEMICALS INDIA PRIVATE LIMITED,"PLOT 74A, ROAD N°9, JUBILEE HILLS",HYDERABAD,500033,IN
DEK,FORVARD TRANS SERVICE LTD,"21 LITER A, GAKKELEVSKAYA STREET",SAINT PETERSBURG,197227,RU
DEL,AMARAL INDUSTRIES COMMON LAW,10732 MARK STREET,OAKLAND,CA 94605-5339,US
DEN,HARDING CONTAINERS INTERNATIONAL INC.,4000 SANTA FE AVE.,"LONG BEACH, CA 90810",,US
DFI,VENTURA TRADING LTD,"CANON''''S COURT, 22 VICTORIA STREET","HAMILTON, HM",,BM
DGF,DANMAR LINES LTD,c/o DHL Global Forwarding; St. Jakobs-Strasse 224; PO Box 2680,BASEL,4002,CH
DGI,ISOCHEM LOGISTICS LLC,11000 Beaumont Hwy,"Houston, TX 77078",,US
DHB,DEN HARTOGH DRY BULK LOGISTICS LTD,4 Beacon Way,"Hull, HU3 4AE",,GB
DHD,DEN HARTOGH GLOBAL BV,Willingestraat 6,ROTTERDAM,3087 AN,NL
DHG,DEN HARTOGH GAS LOGISTICS,PO BOX 59087,ROTTERDAM,3008 PB,NL
DHI,DEN HARTOGH LIQUID LOGISTICS BV,PO BOX 59087,ROTTERDAM,3008 PB,NL
DIN,DINLANKA LOGISTICS (PVT) LTD,"No: 320/7-1/2 , Galle Road",Colombo 03,,LK
AVG,POLAR STAR LTD,"Novoroschinskaya st., 4, office 1222-2",St.Petersburg,196006,RU
DJL,"DONGJIN SHIPPING CO,LTD","2F, PAIKNAM BLDG, 188-3, EULJIRO 1-GA JOONG-GU",SEOUL,100-191,KR
DLA,DENTOON BV,Triathlonweg 21,"Hellevoetsluis, ZH",3223AN,NL
DLH,HONGKONG DALIANG MARINE LIMITED,902A 9/F RICHMOND COMMERCIAL BUILDING 111 ARGYLE STREET MONGKOK KOWLOON HONGKONG,HONGKONG,999077,CN
DLM,DLM DIENSTLEISTUNGEN & MANAGEMENT GMBH,LUDWIG-ERHARD- STR.15,BREMEN,28197,DE
DLT,DALREFTRANS LTD,7A MOROZOVA STR 4TH FLOOR,VLADIVOSTOK,690065,RU
DME,DME AEROSOL LLC,Simferopolskaya str. 19,Pervomaysky workers settlement,301212,RU
DMZ,LLC TEHINVESTPOSTACH,"15, BLVD LESI UKRAINKY",KYIV,01133,UA
DNS,JSC NAC KAZATOMPROM,10 KUNAYEV STREET,ASTANA,010000,KZ
DOD,MILITARY SURFACE DEPLOYMENT AND DISTRIBUTION COMMAND,1 SOLDIER WAY,"SCOTT AFB,IL 62225-5006",,US
DOL,DOLPHIN LINE SHIPPING LLC,1309 MAI TOWER PO BOX 33933,DUBAI,,AE
DON,COMMISSIONARIA S.R.L.,VIA CANALA 93,RAVENNA RA,IT 48123,IT
DOV,DONMEZ VARIL AS,24/1 St.N°3 Kemalpasa,IZMIR,35170,TR
DPC,DUPONT,CRP 730/1105-1 974 Centre Road,"WILMINGTON, NC 19805",,US
DPK,UNITED NATIONS LOGISTICS BASE,PLAZZA DEL VENTO 1,BRINDISI,72100,IT
DPS,"DART PORTABLE STORAGE, INC",800 LONE OAK ROAD,"EAGAN, MN 55121",,US
DRA,DRACONTAINERS CORP,"53th STREET, WORLD TRADE CENTER BUILDING 8th FLOOR 806 OFFICE P.O. 0832-176","MARBELLA,",,PA
DSS,PT INDONESIA GUANG CHING NICKEL AND STAINLESS STEEL IND,"Gedung Wisma Mulia Lt.41 Suite 4101,Jl. Jend Gatot SubrotoNo.42 , Rt. Rw.Kel. Kuningan Barat Kec .Mampang Prapatan , Jakarta Selatan",SOUTH JAKARTA,12710,ID
DST,DMS S.R.O.,DUKOVANY 269,DUKOVANY,CZ-675 50,CZ
DTC,DECCAN TRANSCON LEASING PVT LTD,Block 2 DG-6 103 Raintree Park Kukatpally,Hyderabad,500072,IN
DTL,DANTECO INDUSTRIES BV,WEG EN LAND 42H,BERGSCHENHOEK,2661 KR,NL
DUV,DUVEL MOORTGAT NV,Breendonkdorp 58,Puurs,2870,BE
DWB,WARSTEINER BRAUEREI,HAUS CRAMER KG DOMRING 4 - 10,WARSTEIN,59581,DE
DWF,"DONGWOO FINE CHEM CO, LTD",740-30 SHINHUNG-DONG IKSAN-SI,JEONBUK,570-140,KR
DXT,DIOXITEK SA,"AV.DEL LIBERTADOR 8250 CAP, FED,OFF:3342",Ciudad Autónoma de Buenos Aires,1429BNP,AR
DYL,"DONGYOUNG SHIPPING CO.,LTD","3rd fl (Da-dong, HanWay Bldg), 43, Dadong-gil","Jung-gu, Seoul",04521,KR
DZL,TORINO GRAZYNA NYCZ,ZWIRKI I WIGURY 6.3,BOLESLAWIEC,59-700,PL
MGT,MAGITU GMBH,Pascalstraße 10,Berlin,10587,DE
EAG,ERNST AUTOTRANSPORT AG,HAMMERSTR 120,ZURICH,8032,CH
EAS,WATERFRONT CONTAINER LEASING CO INC.,888 NORTH POINT,"SAN FRANCISCO, CA 94109",94109,US
EAX,EAS INTERNATIONAL SHIPPING CO LTD.,"Room A-3701 R&F Center Hefei Road, Hexi District",TIANJIN,300 203,CN
EBC,TWS TANKCONTAINER-LEASING GMBH & CO KG,Zum Schildetal 1,Vellahn OT Camin,19260,DE
ECA,ENERCON GMBH,TRANSPORT LOGISTICS DREEKAMP 5,AURICH,D_26605,DE
ECC,ALOREM,350 Rte de Thil,Beynost,01700,FR
ECE,HQEC,QUARTIER AUBERT DE VINCELLES BP 70082,STRASBOURG CEDEX 1,67020,FR
ECI,ECEM BV,HOGEHILWEG 18,AMSTERDAM,1101 CD,NL
ECN,ECONSHIP MARINE PTE LTD,"81, ANSON ROAD LEVEL 8, SUITE 8-25 M HOTEL",Singapore,079908,SG
ECO,ECO.GE.M.M.A,III STRADA Z.I. MACCHIAREDDU,ASSEMINI (CA),09032,IT
ECP,ECLIPS PTY LTD,17 Isa Street,Fyshwick,2609,AU
EDC,DAHER NUCLEAR TECHNOLOGIES SAS,Technoparc des Florides Route de Martigues CD 9 CS 40001,Marignane Cedex,13729,FR
EDD,TEHNOTRANS LTD,"5 LIT A, FLOTSKAYA STREET",MOSCOW,125493,RU
EFC,FINSTERWALDER CONTAINER GMBH,LINDAUER STRASSE 2-4,KAUFBEUREN,87600,DE
EFG,"ELECTRONIC FUOROCARBONS, LLC",3266 BERGEY ROAD,"HATFIELD, PA-19440",,US
EGF,GUIBERT FRERES SARL,53 Route Iphigénie,SAINT-PIERRE,97500,FR
EGH,EVERGREEN MARINE (HONG KONG) LTD,"22-23 Floor, Harcourt House, 39 Gloucester Road,",Wan Chai,,HK
EHS,EHS TANK.CO.LIMITED,"ROOM 1801, 18/F PUBLIC BANK CENTRE 120 DES VOEUX ROAD CENTRAL",CENTRAL,,HK
EIM,EIMSKIP ISLAND EHF,KORNGARDAR 2,REYKJAVIK,IS 104,IS
EIR,ALLIANCEUROPE,ZA PLAINE DE LA JOLIE,BOLBEC,76210,FR
EIT,GAINING ENTERPRISE S.A.,"EAST 53RD STREET, MARBELLA HUMBOLDT BUILDING, 2ND FLOOR",PANAMA CITY,,PA
EKB,CONTMASTER,"44-203, Rastochnaya str",Ekaterinburg,620050,RU
EKC,VAN DEN BOSCH TRANSPORTE GMBH,OFFENHAUSENER STR. 12,GUNSKIRCHEN,4623,AT
EKO,FORTUM WASTE SOLUTIONS OY,Keilaniementie 1 Espoo,Fortum,00048,FI
EKT,E KAY TECHNOLOGY CO LTD,"6F, N°222 SEC 2 NANKAN RD LUZCHU DISTR.",TAOYUAN CITY,33855,TW
ELC,ELA CONTAINER OFFSHORE GMBH,Zeppelinstrase 19-21,HAREN (Ems),49733,DE
ELE,THALES TRANSPORTATION SYSTEMS GMBH,THALESPLATZ 1,DITZINGEN,71254,DE
ELF,ELFCON CONTAINER SERVICE AB,KATTEGATT 5,GOTHENBURG,41834,SE
ELK,EURO NORDIC LOGISTICS B.V,KLOMPENMARKETSTRAAT 3,RIDDERKERK,2984 BB,NL
GAF,MACS MARITIME CARRIER SHIPPING GMBH & CO,GROSSE ELBSTRASSE 138,HAMBURG,D_22767,DE
ELP,ELEPHANT PLASTERBOARD NZ,"14 Bancroft Crescent, Glendene","Waitakere, Auckland",0602,NZ
EMC,EVERGREEN MARINE CORP (TAIWAN) LTD,"6F, No.163, SEC 1, HSIN-NAN ROAD LUCHU DISTRICT",TAOYUAN COUNTY,33858,TW
EMD,EQUIPMENT MANAGEMENT SERVICES LLC,6910 LAKE HOUSTON PKWY,"HOUSTON, TX 77049",,US
EMJ,MJ CONLOG GMBH,An der Aue 5,Bad Bevensen,29549,DE
EMK,EMKAY LINES (PVT) LTD,"Office No.2308, 23rd Floor","Barsha Heights, Dubai",500001,AE
EML,LUGMAIR HANDELS U. TRANSPORT GMBH,KEMATING 44,ROITHAM,4661,AT
EMT,EUROTRANSAC S.L.,"ALACREU, 35 BAJO",VALENCIA,46026,ES
ENR,TRANSCOM LLP,"291/4, DOSTYK AVE",ALMATY,A25D7V2,KZ
ENT,ENTRANS AS,RINGSVEIEN 3,STABEKK,1368,NO
EOH,ESPINA OBRAS HIDRAULICAS S.A,VIA EDISON 62 POLIGONO DEL TAMBRE,SANTIAGO DE COMPOSTELA,15890,ES
EOL,EXIM CONTAINER SERVICES PTE. LTD.,"200 Cantonment Road, #10-02 Southpoint",Singapore,089763,SG
EPI,EPIC-CONCEPTS LLC,2265 Clements Ferry Rd,Charleston,29492,US
EPL,EPL INTERNATIONAL PTY LTD,Unit 1/133-137 Beauchamp Road,Matraville,2036,AU
EPP,SCANDIC CONTAINER OY,KEILARANTA 15,ESPOO,02150,FI
EQP,"INTERNATIONAL EQUIPMENT MANAGEMENT USA,LLC","3625 Del Amo Blvd., Suite 360","TORRANCE,CA 90501",90503,US
ERN,WIHELM ERNST GMBH,FOERSTERKAMP 3,HAMBURG,21149,DE
ESD,EMIRATES SHIPPING (HONG KONG) LTD,"28/F, 41 HEUNG YIP ROAD",WONG CHUK HANG,,HK
ESE,ESSECO SRL,VIA S. CASSIANO 99,S.MARTINO TRECATE NO,IT 28069,IT
ESL,ETHIOPIAN SHIPPING & LOGISTICS SERVICES ENTERPRISE,P.O.BOX 2572,ADDIS ABABA,,ET
ETB,ETI BAKIR A.S.,ASIKOY MEVKII KURE,KASTAMONU,37900,TR
ETR,CJSC ELF FILLING,"Elektrougli, Banyny Pereulok, 9. Noginsk District, Moscow Region",Elektrougli,142455,RU
EUC,EUCON SHIPPING AND TRANSPORT LTD,REEWEG 35,ROTTERDAM,3089 KM,NL
EUG,CAVALIER CONTAINERS PTY LTD,4 GLIDER CLOSE WAKERLEY,BRISBANE QUEENSLAND,4154,AU
EVK,EVONIK CORPORATION,299 Jefferson Road,"Parsippany, NJ 07054",,US
EVO,EVOLUTION GERADORES LTDA,"Av Nilo Bittencourt, N° 306, Sala 208, São Vicente",Itajaí,88312400,BR
EWC,EAST WEST CONTINENTAL CONTAINER LINE,167 Litera B Noyabrskaya Street Office 14,VLADIMIR MKR VUREVETS,600901,RU
EXF,EXSIF WORLDWIDE,"181 W. Madison, Suite 2500","Chicago, IL 60540",,US
FAT,FERRARI ALDO TRASPORTI SRL,Lombardia / Strada Privata della Carazzina,Lodi,26900,IT
FAV,JSC INFOTECH-BALTIKA-M,"Euthusiastov Boulevard, 2 Office 27",MOSCOW,109544,RU
FBR,FRIGORIFICOS BRIGIDO LDA,RUA DAS MANGAS N°16,VALVERDE,2025-213,PT
FBT,INTERGERMANIA TRANSPORT GMBH,Kleckerwaldweg 16,JESTEBURG,D-21266,DE
FCC,FAR EASTERN SHIPPING PLC,15 ALEUTSKAYA STREET,VLADIVOSTOK,690019,RU
CBH,FLORENS ASSET MANAGEMENT COMPANY LIMITED,"50/F., COSCO Tower, 183 Queen’s Road Central,",Hong Kong,,HK
FCN,F.LLI CANIL SPA,VIA MONTE ANTELAO 8,BESSICA (TV),IT 31030,IT
FCR,FINNLINES PLC,SEARED SERVICE CENTER PL197,HELSINKI,FI 00181,FI
FDC,SHANGHAI FNS LOGISTICS CO LTD,"Unit107,Tower 6, No.3000 Yixian Road,Baoshan District",Shanghai,200441,CN
FDP,DEL MONTE FRESH PRODUCE COMPANY,241 SEVILLA AVE,"CORAL GABLES, FL 33134",,US
FDX,FEDEX FREIGHT INC,2200 FORWARD DRIVE,"HARRISON, AR 72601",,US
FET,PEROXYCHEM SPAIN S.L,C) AFUERAS S/N,LA ZAIDA,50784,ES
FFL,SAURASHTRA FREIGHT PRIVATE LIMITED,"15th Floor, Nirmal Building, Nariman Point",Mumbai,400021,IN
FFM,"FUJIFILM ELECTRONIC MATERIALS USA, INC.",6550 S. MOUNTAIN ROAD,"MESA, AZ 85212",,US
FGN,FLINT GROUP NETHERLANDS B.V.,Einsteinstraat 3,´s-Gravenzande,2691 GV,NL
FGT,F&G TRADING LIMITED,"5th Floor, 2 Copthall Avenue",LONDON,EC2R 7DA,GB
LPC,CATERPILLAR (NI) LTD,OLD GLENARM ROAD,LARNE,BT40 1EJ,GB
FHF,FHF FLURFOERDERGERAETE GMBH,KAP-HORN- STRASSE 26,BREMEN,28237,DE
FIA,FRIO INDUSTRIAS ARGENTINAS SA,Ruta 7 km 703 y Ruta Prov. 2 - Villa Mercedes,"Villa Mercedes, San Luis",5730,AR
FIB,FLEXITANK INC.,"METRO OFFICE PARK, STREET #1, LOT#5 GUAYNABO","PUERTO RICO, PR 00968",,US
FIC,HANS FISCHER LOGISTIK AG,Burgweg 5 Postfach 60,UNTERVAZ,7204,CH
FIO,PIETRO FIORENTINI SPA,"VIA ENRICO FERMI, 8/10",ARCUGNANO (VI),36057,IT
FIX,FINNCONTAINERS OY LTD,Merenkulkijankatu 3 E,Helsinki,00980,FI
FLB,FLOSIT,AEROPOLE MOHAMED V NOUASSEUR,CASABLANCA,20240,MA
FLD,"FELD ENTERTAINMENT,INC",800 Feld Way,"Palmetto, FL 34221,",,US
FLO,FLOWBOX S.A,AV.R.S CASTILLO Y COMODORO PY S/N CIUDAD AUTONOMA DE BUENOS AIRES,BUENOS AIRES,C1104AB,AR
FLU,FLUORCHEMIE STULLN GMBH,WERKSWEG 2,STULLN,92551,DE
FMB,P & O FERRYMASTERS LTD,LEOPOLD II DAM 13,ZEEBRUGGE,8380,BE
FMI,"FONG-MING GASES INDUSTRIAL CO., LTD","1F., No.3-4, Jingming St., Wenshan District,",Taipei,116,TW
FMS,SWEDISH DEFENCE FMV,BANERGATAN 62,STOCKHOLM,SE-11588,SE
FOG,FIVE OCEANS LOGISTICS LTD,"1301, BANK OF AMERICA TOWER, SUITE 452 12 HARCOURT ROAD",Hong Kong,111-113,HK
FOH,"NANTONG FOHSIN CONTAINER MANUFACTURING CO, LTD","NO.25 HUIHAI ROAD,BINHAI INDUSTRIAL PARK",JIANGSU,226200,CN
FOL,"COMPACT CONTAINER SYSTEMS, LLC",6700 Broken Sound Parkway NW,BOCA RATON,33487,US
FOS,"FUJIAN ORIENT SHIPPING CO,LTD",13 F Logistics Information building of FJCT Group At n° 356 Jiangbin Avenue Taijian District,"FUZHOU, FUJIAN PROVINCE",350014,CN
FOT,H&S FOODTRANS BV,BARON VAN MAGELLSTRAAT,BARNEVELD,3771 LL,NL
FPE,AXENS,USINE DE SALINDRES AVENUE JEAN MOULIN CS 30319,SALINDRES,FR 30340,FR
FPM,FORMOSA PLASTICS MARINE CORP,"8F, 201, TUNG HWA NORTH ROAD",TAIPEI,105,TW
FPO,FREEPORT GASES LTD,QUEENS HIGHWAY FREEPORT PO BOX F-40715,GRAND BAHAMA,22222,BS
FRI,FRICON REEFER SALES,Ringvaartweg 175,ROTTERDAM,3065 AC,NL
FSR,SPANISH MINISTRY OF DEFENCE-SPANISH AIRFORCE,CL ROMERO ROBLEDO,MADRID,28008,ES
FSS,FUGRO SUBSEA TECHNOLOGIES PTE LTD,35 LOYANG CRESCENT,Singapore,509012,SG
FSZ,FUJIFILM ELECTRONIC MATERIALS (SUZHOU) CO.LTD,"No.206 Longtan Road, SIP,",Suzhou,215021,CN
FTG,FINTRANS GL,St. Tuchina 11-A,St Petesburg,191119,RU
FTI,"FIBA TECHNOLOGIES, INC",53 Ayer Road,"Littleton, MA 01460",,US
FUG,FUGRO NETHERLANDS MARINE B.V.,Prismastraat 4,Nootdorp,2631 RT,NL
FUJ,FUJIFILM ELECTRONIC MATERIALS (EUROPE) N.V.,KEETBERGLAAN 1A HAVEN 1061,ZWIJNDRECHT,B 2070,BE
FUK,TRADECORP INTERNATIONAL PTY LTD.,LOGAN ROAD - HOLLAND PARK WEST,BRISBANE,QLD 4121,AU
FUW,YUCHAI DONGTE SPECIAL PURPOSE AUTOMOBILE CO LTD,"121, No.1 Liangshui Road Suizhou City, Hubei Province",Suizhou City,441300,CN
FUX,VELOTRANS SRL,VIA STADERA 201,NAPOLI,80143,IT
FVL,MOVETAINER,RUA ANA DE CASTRO OSORIO NR. 16-B,AZEITAO,2925-060,PT
FWR,"GUANGDONG FUWA EQUIPMENT MANUFACTURING CO., LTD.",NO.9 GANGKOU ROAD LELIU TOWN SHUNDE DISTRICT,FOSHAN,528322,CN
FZJ,FORSCHUNGSZENTRUM JUELICH GMBH,Institut für Energie- und Klimaforschung - Startosphäre (IEK-7),JUELICH,D-52425,DE
FZQ,TEIJIN ARAMID BV,DEPT QCF PO BOX 5153,ARNHEM,6802 ED,NL
GAC,ABODI,"AV ALBUFERA, 323 / PLANTA-1 EDIFICIO VALLAUSA",MADRID,28 031,ES
GAL,GALCO NV,79 RUE CARTON DE WIART,BRUXELLES,B-1090,BE
GAM,STOLPI GAMAR EHF,KLETTAGARDAR 5,REYKJAVIK,104,IS
GAR,GARTNER KG - INTERNATIONALE TRANSPORTE,LINZER STRASSE 40,LAMBACH,A-4650,AT
GAV,PELLEGRINI TRASPORTI SRL,VIA ADIGE 1,NOGAROLE ROCCA (VERONA),IT 37060,IT
GAY,SA ELECTRICITY GAY,5 AVENUE AMPERE,CHALONS EN CHAMPAGNE,51008,FR
GBS,MOMENTIVE PERFORMANCE MATERIALS GMBH,KAISER-WILHELM ALLEE GEBÄUDE V 7,LEVERKUSEN,D-51368,DE
GBT,GUIDO BERNARDINI SRL,STRADA MARATTA BASSA 51,TERNI TR,IT 05100,IT
GCB,TRANSPORT GHEYS NV,VOORTSTRAAT 19,MOL,2400,BE
GCG,SICO - SOCIETA ITALIANA CARBURO OSSIGENO,"VIA PARINI, 9",MILANO MI,IT 20121,IT
GCM,SHAANXI GREATROAD INDUSTRIAL CO LTD,Nº101 XINGQING SOUTH ROAD，XI''''AN CITY,SHAANXI,710048,CN
GCN,GRIMALDI GROUP SPA,VIA M. CAMPODISOLA 13,NAPOLI NA,IT 80133,IT
GCR,GARDNER CRYOGENICS,2136 CITY LINE ROAD,"BETHLEHEM, PA 18017",,US
GCU,NOBLE CONTAINER LEASING SINGAPORE PTE LTD,"11 Collyer Quay, Unit 19-01B, The Arcade",Singapore,049317,SG
GCX,GLOBAL CONTAINER INTERNATIONAL LLC,361 Newbury Street,Boston,02115,US
GDN,GAZPROM DOBYCHA NOYABRSK,"Respubliki Street, bld 20",Noyabrsk,629806,RU
GDS,GOLDEN SHIP LLC,"281/54/10 Le Van Sy Street, Ward 1, Tan Binh District",Ho Chi Minh,70000,VN
GEC,"GREAT EXTEND CO,LTD","11F-2,N°319,SEC.4,ZHONGXIAO E.RD",TAIPEI,10696,TW
GEL,HOYER GMBH,WENDENSTRASSE 414-424,HAMBURG,DE 20537,DE
GEQ,GREENWELL EQUIPMENT,11 GREENBANK ROAD EAST TULLOS INDUSTRIAL ESTATE,ABERDEEN,AB12 3BQ,GB
GER,GEORGIAN RAILWAY LLC,15 TAMAR MEPE AVE,TBILISI,0112,GE
GET,TARROS SPA,VIA PRIVATA ENEL,LA SPEZIA SP,19126,IT
GEU,GESTION EUROPEA DE CARCAS SA,MOMPO 2,"CAMPO DE CRIPTANA, CIUDAD REAL",13610,ES
GFC,GULF FIRST CONTAINER LINE (UK) LTD,"1007, MAI TOWER AL NAHDA 1 PO BOX 25394",DUBAI,,AE
GFR,COSIARMA SPA,VIA OPERAI 20,GENOA,16149,IT
GFX,GULF FLUOR L.L.C,ICAD2 - Plot No:347PR2,Abu Dhabi,00971,AE
GFZ,GEOMAR,WISCHHOFSTRASSE 1-3,KIEL,24148,DE
GGE,GESAN GRUPOS ELECTROGENOS,POLIGONO PITARCO II PARCELA 20,MUEL,50450,ES
GAN,G. GLOBAL GASES AND CHEMICAL PLC,"200 Ethiochina Street, Medina Tower, 2nd floor",Addis Ababa,364/1110,ET
GGI,INTERNATIONAL GOLDEN GROUP PJSC,"NATIONS TOWERS, CORNICHE ROAD, FLOOR 29 PO BOX 43999",ABU DHABI,,AE
GGM,JSC TAIMYR OIL COMPANY,"UL. BOGRADA 15, ZAO ''''TTC''''",KRASNOYARSK,660049,RU
GHB,GRIEPE CONTAINER GMBH,WINDHUKSTR 20 / 26,BREMEN,28237,DE
GHC,"GHC GERLING, HOLZ&CO.GmbH",RUHRSTR 113,HAMBURG,22761,DE
GHT,GREEN REVOLUTION COOLING,11525 Stonehollow Dr. Suite A-150,"Austin, TX 78758",,US
GIC,EMPRESA DE GASES INDUSTRIALES,"Carretera de Santa María del Rosario, Km 4 1/2, No. 371, Villa María,",GUANABACOA,11100,CU
GIN,GAS INNOVATIONS,18005 EAST HWY 225,"LA PORTE, TX 77571",,US
GIT,GIEZENDANNER TRANSPORT AG,JURAWEG 26,ROTHRIST,4852,CH
GIV,ROLLER CHEMICAL SRL,S.S. CREMASCA 591 n°10,Fornovo s. giovanni,24040,IT
GKR,GRUZOVAYA KORPORATSIYA,"Lane Komsomolsky, 3, office 113",Ulyanovsk,432012,RU
GLA,GASPRO LATINOAMERICA S.A,"Calle 50 y 71 san Francisco, PH Plaza Morica, 10-08",PANAMA,07099,PA
GLD,TOUAX CONTAINER SERVICES,TOUR FRANKLIN 100-101 TERRASSE BOIELDIEU,LA DEFENSE,92042,FR
GLL,"GLOBAL CONTAINER LOGISTICS,LLC","8, Ivana Franko str.",MOSCOW,121108,RU
GLP,LLC PROLEASINGGROUP,27 VJATSKAYA STREET BLD 11,MOSCOW,127015,RU
GMD,GEMADEPT CORPORATION,6 LE THANH TON STR. DISTR.1,HO CHI MINH,70999,VN
GMG,GMT SHIPPING (HK) LTD,"20/F HARBOUR COMMERCIAL BUILDING 122-124 CONNAUGHT ROAD CENTRAL, SHEUNG W",HONG-KONG,,HK
GML,MARITIME GLOBAL LINE LTD,P. O. Box 5556,Limassol,3780,CY
GMM,CALORIE FLUOR,411 RUE CLEMENT ADER ZI PRE CLOS,BUC,78530,FR
GNC,NIPPON CONCEPT CORPORATION,FUKOKU SEIMEI BLDG. 8F 2-2 UCHISAIWAICHO 2-CHOME,CHIYODA-KU - TOKYO,100-0011,JP
GNF,GLOBAL NUCLEAR FUELS,3901 Castle Hayne Rd. M/C K54,"WILMINGTON, NC 28402",,US
GNR,"GENERON IGS, INC.",16250 Tomball perkway,"Houston, TX 77086",,US
GOA,PHOENIX INTERNATIONAL SRL,VIA A. CANTORE 8G int.49-50,GENOVA,16149,IT
GOK,GOKBIL NAKLIYAT DEP.LOJ.SAN.VE DIS TIC.A.S.,19 MAYIS MAH. ATATURK CAD. YAMAC SOK. VERA PLAZA NO:3 KAT:6 D.7,KOZYATAGI /KADIKOY / ISTANBUL,34736,TR
GOR,"TTES. J. GORGORI, S.L","C/NOU, S/N PO BOX 1244",TARRAGONA,43006,ES
GPF,PRIVATE ENTERPRISE FIRMA GLORIA,NOVOKUZNETSK STR. 4,ZAPOROHYE,69118,UA
GPL,MANAGEMENT CONTROL & MAINTENANCE S.A.,37-39 RUE DE VERMONT,GENEVE,1202,CH
GPV,BALTPLUS-REGION,"LIT.A, Novo-Rybinskaya street 19-21",ST PETERSBURG,196 084,RU
GRB,GOODRICH MARITIME PRIVATE LIMITED,SUITE # 216-217 - 2ND FLOOR SAI COMMERCIAL CENTRE - GOVANDI STATION,"GOVANDI, MUMBAI",400 088,IN
GRE,M.A. GRENDI DAL 1828 S.P.A.,VIA LAMBRO 44,OPERA (MI),IT 20090,IT
GRP,TRISTAR ENGINNERING CONSULTING LOGISTIC SA,CORSO SAN GOTTARDO 106,CHIASSO,CH-6830,CH
GRT,HULDA MARITIME INTERNATIONAL CONTAINER,"UNIT 907,9/F,SILVERCORD TOWER 2, 30 CANTON TOAD, TSIM SHA TSUI",KOWLOON,,HK
GRW,GRW ENGINEERING (PTY) LTD,20 Abbatoir Road,Worcester,6850,ZA
GSI,SPINELLI S.R.L,VIA SCARSELLINI 171,GENOVA,16149,IT
GSK,"GESTION DE SERVICIOS MARITIMOS AEREOS Y TERRESTRES, S.A","Av. de les Drassanes, 6,",BARCELONA,08001,ES
GMO,GOLD STAR LINE LTD,"U 702, level 7, Manulife Place 348 Kwun Tong Road",Kowloon,,HK
GTA,GALLIKER TRANSPORT AG,KANTONSSTRASSE 2,ALTISHOFEN,6246,CH
GTI,MSC- MEDITERRANEAN SHIPPING COMPANY S.A.,CHEMIN RIEU 12-14,GENEVE,CH 1208,CH
GTM,GTM MANUFACTURING LLC,421 SE 34th Ave PO Box 31598,"AMARILLO, TX 79103",,US
GTP,GTS SPA,VIA G. D''''ANNUNZLO 2/75,GENOVA,IT 16121,IT
GTR,GENTENAAR TRANSPORT BV,Fuutweg 8,KLUNDERT,4791 PB,NL
GUR,CORAL TANKS PRIVATE LIMITED,"371 Clementi Avenue 4, Unit 09-288",Singapore,120371,SG
GVT,GRAND VIEW CONTAINER TRADING (HK) CO LTD,"Suite A,11/F Huamin Empire Plaza,728 West Yan''''an Road",SHANGHAI,200050,CN
GWD,GRILLO-WERKE AG,WESELER STRASSE 1,DUISBURG,47169,DE
GWG,GRIMM & WULFF ANLAGEN UND SYSTEMBAU GMBH,An der Reitbahn 13,Seevetal,21218,DE
GWI,GLORY WELL INDUSTRIES LIMITED,"Room 902-903, 9/F, Midas Plaza, No. 1 Tai Yau Street, San Po Kong",Kowloon,,HK
GZE,GAZECHIM FROID,2 boulevard Bertrand Duguesclin,Béziers,34500,FR
HAC,HAIAN TRANSPORT & STEVEDORING JSC,"7th Floor, No. 45 Trieu Viet Vuong, Nguyen Du Ward, Hai Ba Trung District",Hanoi,100000,VN
HAN,HCT HANSA CONTAINER TRADING GMBH,Bramfelder Str. 102a,Hamburg,22305,DE
HAP,H.A.P. FOODS HOLLAND B.V.,Pruimendijk 354,Ridderkerk,2989 AR,NL
HAR,HARBOUR RENTAL & SERVICES BV,Bunschotenweg 134 Havennr: 2696,Rotterdam,3089 KC,NL
HAT,HOST RAIL LTD,"G Kaliningrad, pr-kt Mira, dom 39, of. 2",Obl Kaliningradskaia,236022,RU
HBG,HABAS SINAI VE TIBBI GAZLAR,FUAT PASA SOKAK N°26,SOGANLIK -KARTAL-ISTAMBUL,34880,TR
HBL,SHANGHAI BAILIN INTERNATIONAL TRANSPORTATION CO.LTD,"ROOM 1802, NO.4 FLAT NO.1 XINJIA ROAD",SHANGHAI,200080,CN
HBN,HALLIBURTON,Sr. Category Specialist - Baroid 3000 N Sam Houston Pkwy,"Houston, TX 77032-3219",,US
HBS,HANBAO CONTAIINER SHIPPING & TRADING GMBH,"GROSSE BLEICHEN 21, D",HAMBURG,20354,DE
HCC,HCCR HAMBURGER CONTAINER & CHASSIS REPARATUR GmbH,ALTENWERDER DAMM 22,HAMBURG,DE21129,DE
HCD,CONTAINERDIENST HAEMMERLE GMBH,UNTERBINGS 12,BLUDENZ,AT 67000,AT
HCG,HOUSTON CONTAINER CONNECTION,4612 EAST OST DR.,"HOUSTON, TX-77013",,US
CAF,CISAF SRL,"VIA MAURO GAVAZZENI, 35",BERGAMO,IT 24125,IT
HCV,HONG CHUN ELECTRIC & MACHINERY CO LTD,"NO. 836, MINGSHENG RD, LIN 10, KANG-CHIEN LI, CHU-NAN CHEN, MIAO-LI HSIEN",MIAO-LI HSIEN,350003,TW
HDF,HUADONG FERRY CO LTD,"23 Hyoja-ro, Jongno-gu",SEOUL,110-040,KR
HEM,TEMPUS LINK LTD,"29, HRISTO BOTEV STR.",GABROVO,5300,BG
HES,HUTCHINSON EQUIPMENT SERVICES,PO Box 27194,SAN FRANCISCO CA 94127,,US
HEX,HAN EXPRESS,"4F, 317, HYOREONG-RO SEOCHO-GU",SEOUL,137-877,KR
HFA,DERIVADOS DEL FLUOR SA,CRTRA. NAL. 634 KM 139 DIVISION FABRICA,ONTON-CASTRO URDIALES,39706,ES
HFC,SPEDITION RHEINLAND H.FREUND GMBH&CO. KG,Roentgenstr. 13-15,Kerpen,50169,DE
HFL,PETRO-CANADA LUBRICANTS INC.,385 Southdown Road,Mississauga,L5J2Y3,CA
HFX,MAGHREB CONTAINER INTERNATIONAL S.L,CRENSE 6 - 4° D13,MADRID,28020,ES
HGA,HYBAS INTERNATIONAL LLC,14510 LISCOMB DRIVE,"HOUSTON, TX 77084",,US
HGC,THE GAS COMPANY LLC D.B.A. HAWAII GAS,"745 Fort Street, Suite 1800","Honolulu, HI 96813",,US
HGD,"HANGZHOU GREENDA ELECTRONIC MATERIALS CO., LTD.","ROOM 1501, LONGHE INTERNATIONAL BUILDING 1961 JIANGHUI ROAD, BINJIANG DISTRICT","HANGZHOU, 310051",,CN
HGL,JF HILLEBRAND LIMITED,"UNIT 27, 3RD FLOOR, THE HYDE BUILDING THE PARK",DUBLIN 18,,IE
HHA,HENRI HARSCH HH SA,"10, RUE BAYLON",CAROUGE GENEVE,1227,CH
HHM,H.HENRIKSEN AS,TRAELEBORGVEIEN 15,TONSBERG,3112,NO
HHR,HIMOINSA,Crta Murcia San Javier km 23.6,"San Javier, Murcia",30730,ES
HHX,HK HONORTRANS DEVELOPMENT LIMITED,193 JIANGSHAN ZHONG ROAD ECONOMIC &TECHNOLOGICAL DEVELOPMENT ZONE,QINGDAO,266555,CN
HIC,HAESAERTS INTERMODAL NV,KEETBERGLAAN HAVEN 1054,ZWIJNDRECHT,2070,BE
HJL,HONGJI (HK) CONTAINER DEVELLOPPEMENT LIMITED,Flat/RM 604 6/F Easey commercial Building 253-261 Hennessy Road,Wanchai,,HK
HKH,"HONG-KUANG HI TECH, CORP","No 211 Hai Sun Road, Sec. 2",TAOYUAN CITY,338,TW
HKN,HUBERT KLAESENER JR. FLUESSIGKEISTRANSPORTE GMBH & CO KG,FULDASTRASSE 2,MARL,45768,DE
HKT,KLAESER INT FACHSPEDITION & FAHRZEUGBAU GMBH,HOHEWARDSTRASSE 333/335,HERTEN,DE 45699,DE
HLE,SHIHLIEN FINE CHEMICALS CO. LTD.,"No.398, Taoke 2nd Rd., Guanyin Township",Taoyuan County,328,TW
HLG,HAEFELI AG,HARDSTRASSE 6,LENZBURG,5600,CH
HLS,HLS CONTAINER BREMEN,FAHRGRUND 21,BREMEN,28755,DE
HMC,EVERGREEN MARINE (UK) LIMITED,160 EUSTON ROAD,LONDON,NW1 2DX,GB
HMK,WEC LINES BV,ALBERT PLESMANWEG 59 POSTBUS 59230,ROTTERDAM,3088 GB,NL
HMR,HYUNDAI MOTORSPORT GMBH,carl zeiss strasse 4,ALZENAU,63755,DE
HMS,MED LOGISTICS (MALTA) LTD,Triq Il-Bardnell,"Bugibba, St.Pauls Bay",SPB2807,MT
HOB,BURG SERVICE BV,Middenweg 6,Moerdijk,4782 PM,NL
HOF,HOFER TANKTRANSPORTE AG,NEUE AARBURGERSTRASSE 6,ROTHRIST,4852,CH
HOL,HOLCIM (SCHWEIZ) AG,KREDITOREN HAGENHOLZSTRASSE 83,ZURICH,CH-8050,CH
HPA,HIDROJEN PEROKSIT AS,ATATURK CADDESI NO 600 EVLER MAHALLESI N°80,BANDIRMA / BALIKESIR,10219,TR
HPG,TIANJIN SINO-PEAK INTERNATIONAL TRADE CO LTD,"N°1621, BOHAI 26TH ROAD LINGANG ECONOMIC AREA, TANGGU","BINHAI NEW DISTRICT, TIANJIN 300460",,CN
HSC,H&S CONTAINER GMBH,MANAGEMENT DIVISION LUDWIG-ERHARD-STR 47,BREMEN,D_28197,DE
HTU,KIECA TRANS,Śniadeckich 36,Janowiec Wlkp,88-430,PL
HTX,JINGMEN HONGTU SPECIAL AIRCRAFT MANUFACTURING CO LTD,N°16 Yingchun Avenue Jingmen Economic Development Zone Hubei Province,Jingmen,448124,CN
HUN,UNICON INTERNATIONAL CORP.,"Yuanda Road 10#, Guanlin Town,",Yixing City,214251,CN
HVL,HARINERA VILAFRANQUINA S.A.,AV DE BARCELONA N°119 VILAFRANCA DEL PENEDES,BARCELONA,08720,ES
HVR,HYDRAUVISION RENTAL B.V.,Buys Ballotstraat 7,SCHOONDIJKE,4507 DA,NL
HWH,HELLEMAN WAREHOUSING,SWEELINCKSTRAAT 4,NUMANSDORP,3281 TW,NL
HWI,HEALDWORKS INC,15451 W US HWY 160,"DEL NORTE, CO 81132",,US
IAA,INTERASIA LINES SINGAPORE PTE.LTD,79 Anson Road #09-03,Singapore,079906,SG
IAP,HOLIDAY ON ICE PRODUCTIONS BV,Marktplein 108,Hoofddorp,2132 DD,NL
IBK,"INTERBULK,INC","JACKSON,MS PO BOX 13753","JACKSON , MS 39236",,US
IBL,INBULK TECHNOLOGIES LTD,C/O Den Hartogh Logistics Ltd Phoenix House 3 Surtees Business Park Surtees Way,Stockton on Tees TS18 3HR,,GB
ICA,ICON INTERNATIONAL CONTAINER SERVICE (AMERICA) LLC,PO Box 3273,Boynton Beach,33424-3273,US
ICB,INTERNATIONAL CONTAINER POOL PTE LTD,78 Moh Guan Terrace #03-15,Singapore,162078,SG
ICK,INFINITY LOGISTICS & TRANSPORT SDN BHD,"No. 2, Jalan Kasuarina 8, Bandar Botanic, Selangor, Malaysia",Klang,41200,MY
ICU,INDEPENDENT CONTAINER LINE LTD,4222 Cox Road,"GLEN ALLEN, VA 23060",,US
IDC,PT INDOCEMENT TUNGGAL PRAKARSA TBK,J1 MAYOR OKING JAYAATMADJA CITEUREUP- CIBINONG,BOGOR,16810,ID
IDG,DINGES LOGISTICS,Max Planck Strasse 5,Grünstadt,D-67269,DE
IEC,MARIANAS GAS CORPORATION DBA ISLAND EQUIPMENT CO,"272 E. Harmon Industrial Park Road, Suite 101-104",TAMUNING,96913,GU
IFT,LEIBNIZ INSTITUT FOR TROPOSPHERIC RESEARCH,PERMOSERSTRASSE 15,LEIPZIG,04318,DE
IGS,CDN CONTAINER DEPOT NUERNBERG GMBH,Hamburger Str. 35,Nuernberg,90451,DE
IHO,INTERMODAL TANK TRANSPORT INC.,"10720 W. Sam Houston Pkwy, N Suite 250","HOUSTON,TX 77064",,US
IHT,ITC HOLLAND TRANSPORT B.V,VORSTENGRAFDONK 71,OSS,5342 LW,NL
IIC,IWATANI CORPORATION,"3-6-4, HOMMACHI, CHUO-KU",OSAKA,541-0053,JP
IJS,IJSFABRIEK STROMBEEK NV,BROEKSTRAAT 70,MEISE (EVERSEM),B-1860,BE
IKM,LLOYDS MARITIME & TRADING LIMITED,PO BOX 61280 JEBEL ALI,DUBAI,,AE
ILB,ILB INTERFREIGHT LOGISTICS BENELUX BV,Vorstengrafdonk 71,Oss,5342 LW,NL
ILC,TRANSAFE SERVICES LIMITED,"Infinity Benchmark 6th Floor, Room No 603 Plot No. G1, Block - EP & GP, Sector V, Salt Lake Electronics Complex,",Kolkata,700 091,IN
ILG,ILGINNOVATIVE LOGISTICS GROUP GMBH,Saxingerstr.1A,LINZ,A-4020,AT
ILT,SOLVOCHEM HOLLAND BV,WESTERSINGEL 87,ROTTERDAM,3015 LC,NL
ILU,INSTITUTE OF INT CONTAINER LESSORS (IICL),"4315 50th Street NW, Suite 100-7250",Washington,20016,US
IME,EJERCITO DE TIERRA - MINISTERO DE DEFENS,"Sección CAMIESAN. SUBSAR. DIAD. MALE. C/PRIM,6-8. Edificio Barquillo. Despacho B26",MADRID,ES 28004,ES
IMI,SULLAIR ARGENTINA S.A.,GONCALVES DIAS 1145,BUENOS AIRES,C1276ACQ,AR
IMM,INDUSTRIAS MONFEL S.A. DE C.V.,AV. PROMOCION 345 ZONA INDUSTRIAL 1 A SECCION,"SAN LUIS POTOSI, SLP",78395,MX
IMP,IMPERIAL CHEMICAL TRANSPORT GMBH,Kiffward 54,DUISBURG,47138,DE
IMS,IMMOBILIARE STELLA SRL,"S.S. TIBERINA, KM. 10+300",NARNI SCALO (TR),IT 05036,IT
IMT,ITALIA MARITTIMA S.P.A,PASSEGGIO S. ANDREA 4,TRIESTE TS,IT 34123,IT
INC,INNOVACION CONTENEDOR PTE LTD,"57, JALAN MAMOR, #01-21",Singapore,320057,SG
INF,INNOFREIGHT SPEDITIONS GMBH,GRAZER STRASSE 18,BRUCK AN DER MUR,A-8600,AT
ING,TRIFLEET LEASING HOLDING B.V.,"Building ""Post 120"" Johan de Wittstraat 130",DORDRECHT,3311 KJ,NL
INI,INNOCENTI DEPOSITI SPA,VIA DANTE 97/A,LIMITO DI PIOLTELLO (MI),IT 20096,IT
INS,INSTANTA,KAWOWA 3 STREET,ZORY,44240,PL
IPF,INSTITUT POLAIRE FRANCAIS PAUL-EMILE VICTOR,CS 60075,PLOUZANE,29280,FR
IPG,INSTANT PRODUCTS GROUP PTY LTD,18 ROGERS WAY,LANDSDALE,6065,AU
IPO,INTERMODAL PARTNERSHIP OU,Lõõtsa 8 - 602,Tallinn - Harjumaa,11415,EE
IPS,INTERMODAL SOLUTIONS GROUP PTY LTD,210/33 LEXINGTON DRIVE,"BELLA VISTA, NSW 2153",,AU
IRI,IRS INTERNATIONAL,2-8 James Street,Laverton North,3026,AU
ISC,STAR CONTAINER SPAIN S.A.,C/ LA CONCORDIA J4 POL. IND. CORTIJO REAL,ALGECIRAS,11206,ES
ISD,ISRO DEPARTMENT OF SPACE GOVT OF INDIA,PLOT 12-13 PEENYA INDUSTRIAL ESTATE 2ND PHASE,BANGALORE,560058,IN
ISL,"INDUSTRIAL SOLVENTS & CHEMICALS PVT, LTD","101 Altanta, 209 Nariman Point",Mumbai,400021,IN
ISR,ISR INVESTMENTS LIMITED,KYRIACOU MATSI 15 - EAGLE HOUSE 10TH FLOOR AGIOI OMOLOGITES,NICOSIA,1082,CY
ISS,AMERICA S TANK CONTAINER SERVICE INC. (ATCOS INC),,"Roswell, GA. 30075",,US
ITC,INTERCONTAINER S.A.,PRL. C/GLORIA S/N,ALFAFAR-VALENCIA,46910,ES
ITD,INTERMODALTRASPORTI SRL,VIA CASILINA SUD KM. 78.400,FERENTINO (FR),IT 03013,IT
EWA,MOVE INTERMODAL NV,"Kolenhavenstraat 6, bus 21",Genk,3600,BE
ITK,INTERTANK LTDA,RUE BATATA DA 681 - PENHA CIRCULAR,RIO DE JANEIRO,21011-20,BR
ITQ,ITAC SPA,"Via Nazionale, 240",Ponticino,52019,IT
ITX,INTERPORT MAINTENANCE CO INC,635 DELANCY STREET,"NEWARK, NJ 07105",,US
IWG,IWS INTERNATIONALE WEIN UND SPIRITUOSEN TRANSPORTE GMBH,HAUPTSTR. 10-12,PRISDORF,25497,DE
IWR,IWS RUSSIA GMBH,HAUPTSTR. 10-12,PRISDORF,25497,DE
IWT,INTERNATIONAL WAREHOUSING AND TRANSPORT,HOEFSMIDSTRAAT 41,ROTTERDAM-HOOGVLIET,3194AA,NL
IXX,INDAIA LOGISTIK GMBH,AM ANGELBACH 2,BAD CAMBERG,65520,DE
JAA,JORDAN BROMINE COMPANY LIMITED,PO BOX 941967,AMMAN,11194,JO
JAC,ALPHA SHIPPING AGENCY (PTY) LTD,"SUITE 203,COWEY PARK P.O.B 37623",DURBAN KZN,4000,ZA
JAM,JAMM RENTING SL,avenida alfonso el batallador nº 10 entr. d,PAMPLONA,31007,ES
JAY,JAY CONTAINER SERVICES COMPANY PVT. LTD.,"C-9/1, TALOJA INDUSTRIAL AREA M.I.D.C TALOJA DIST. RAIGAD",NEW BOMBAY,410 208,IN
JBK,SPECIALTY TRAILER LEASING INC,9645 W. AMARILLO BLVD,"Amarillo, TX 79214",79124,US
JCJ,CASHIHOR ENTERPRISE CO LTD,"No 9, Jinye Rd, Daliao Dist,",KAOHSIUNG,831,TW
JDN,JAN DE NUL NV,TRAGEL 60,HOFSTADE,9308,BE
JDS,"WEIHAI JIAODONG INTERNATIONAL CONTAINER SHIPPING CO ., LTD",Room 307-I Weihai Port Int''''l Passenger Center No.288 Haibu Road,Weihai,264205,CN
JDT,INT. TRANSPORT COMPANY JAN DOHMEN BV,Stationsweg 78 A,Herkenbosch,6075 CD,NL
JDZ,JANSENS & DIEPERINK,PO BOX 436,ZAANDAM,1505 HE,NL
JFS,ST JOHN FREIGHT SYSTEMS LTD,"C-98, SIPCOT INDUSTRIAL COMPLEX HARBOUR EXPRESS ROAD",TUTICORIN,628008,IN
JHG,"JING HE SCIENCE CO, LTD",21F N°1080 JHONGJHEN ROAD,TAOYUAN COUNTY,330,TW
JHT,JUHUA TRADING (HONG KONG) LIMITED,"5/F, Tai Shing Commercial Building, 498-500.NATHAN Road, KOWLOON",HONG KONG,,HK
JJD,ITEC ENGINEERING,8 rue de Vignoru,ESCHES,60110,FR
JLI,JOSEF LINDBERG SANDARNE AB,HASTHAGSVAGEN 3 PO BOX 56,SANDARNE,826 73,SE
JOT,JAPAN OIL TRANSPORTATION CO. LTD,"WEST BLDG, GATE OHSAKI 11-1 OHSAKI 1-CHOME SHINAGAWA-KU",TOKYO,141-0032,JP
JPR,JP RYAN LTD,BOND DRIVE EXTENSION DUBLIN PORT,DUBLIN 3,DO3 R7P8,IE
JPS,JP CONTAINER LIMITED,"Room 605, Zhongxin Media Tower",Pudong,201206,CN
JRD,"J.TRAD CO.,LTD.","4F Suzuki Bldg. 3-3-5 Nihonbashi Kayabacho, Chuo-ku, Tokyo, Japan",Tokyo,1030025,JP
JSE,SHIN ETSU CHEMICAL CO LTD,"1-4-1, MARUNOUCHI",CHIYODA-KU TOKYO,100-0005,JP
JSK,CRYOGENIC LOGISTIC EQUIPMENT & TRADING PTE LTD,362 UPPER PAYA LEBAR RD #07-07 DA JIN FACTORY BUILDING,,534963,SG
JSS,THE CHINA NAVIGATION CO PTE LTD,"THE CONCOURSE, 300 BEACH ROAD #27-01",Singapore,199555,SG
JSV,JSV LOGISTIC S.L.,"C/ Monte Gorbea 9, bajo.",Miranda de Ebro. Burgos.,09200,ES
JTD,"SHANGHAI JIYANG TECHNOLOGY & DEVELOPMENT CO., LTD.",Building 3 n°1350 Chunhe Road,SHANGHAI,200941,CN
JTL,"JIANGSU TERCEL LOGISTICS EQUIPMENT CO., LTD","No. 1 Liuweigang Road Hongqiao Industry Park,","Taixing City, Jiangsu",,CN
JTS,JOINT TANK SERVICES FZCO,"Plot No. S41004, Street No.S1102, Jebel Ali Free Zone (South)","Dubai, Jebel Ali",17512,AE
JUH,BSH HAUSGERATE GMBH,BAHNHOFSTR. 70,GIENGEN,89537,DE
JYT,GUANGXI JINGYITONG LOGISTICS LTD,"Building 33, District 4, Xianrenwan community, Kaile Road",Fang cheng Port City,538001,CN
JZN,A.J JONGENEEL EN ZONEN TRANSPORT B.V,VOORSCHOTERWEG 52A,VALKENBURG (Z.H),2235 SH,NL
JZP,"JINZHOU PORT CO.,LTD.","NO.1 SECTION 1,JINGANG AVENUE,JINZHOU ECONOMIC AND TECHNICAL DEVELOPMENT ZONE,JINZHOU CITY,LIAONING PROVINCE,121007,P.R.CHINA",Jinzhou,121000,CN
KAL,NKG KALA HAMBURG GMBH,HOHE - SCHAAR - KAMP 3,HAMBURG,21107,DE
KAZ,JSC KUIBYSHEV AZOT,6 Novozavodskaya st.,Togliatti,445007,RU
KCB,"IMOTO LINES, LTD.","Kobe Asahi Bldg. 19F, 59 Naniwamachi, Chuo-ku",Kobe,6500035,JP
KCN,K-CON GMBH,BLEIGRABEN 40A,KREUZAU,52372,DE
KCP,KOIKE MEDICAL CO LTD,"1-24-8, MATSUSHIMA, EDOGAWA-KU",TOKYO,132-0031,JP
KCS,KANTO KAGAKU SINGAPORE PTE LTD,5 PIONEER WALK,Singapore,627754,SG
KCT,KC TRADING BV,V. Maasdijweg 55,ROTTERDAM,3088 ED,NL
KDC,KUKDONG MARITIME EQUIPMENT SERVICE,"7F, 37 Namdaemun-ro 5-gil, Jung-gu,",SEOUL,04526,KR
KDE,"ABANG LOGISTICS CO., LTD.","Second floor, Ba-dong, 82, Beonyeong-ro, Gunpo-si, Gyeonggi-do",Gunpo,KS013,KR
KER,TEMPRA AS,GAMLE BLINDHEIMSVEG 32,AALESUND,6012,NO
KFT,KAERCHER FUTURETECH GMBH,ALFRED SCHEFENACKER STR 1,SCHWAIKHEIM,71409,DE
KIL,KIMIA INTERNATIONAL PTE LTD,133 CECIL STREET #12-03 KECK SENG TOWER,Singapore,069535,SG
KIV,KEES INTL VEEN TANKTRANSPORTEN BV,MOEZELWEG 151,EUROPOORT-ROTTERDAM,3198 LS,NL
KKB,KERNKRAFTWERK BRUNSBUTTEL GMBH & CO. OHG,Otto Hahn Straße 1,Brunsbüttel,25541,DE
KLA,MINISTERIE VAN DEFENSIE,MATERIAL LOGISTICS COMMAND HERCULESLAAN 1 - PO BOX 90004,UTRECHT,3584AB,NL
KLD,KALKEDON INTERNATIONAL TRANSPORT & TRADE LTD,CAVUSBASI CAD OZGE SOKAK ZIN D BUSINESS CENTER 1/24 CEKMEKOY,ISTANBUL,34782,TR
KLI,KLINGE CORPORATION,4075 EAST MARKET STREET,"YORK, PA-17402",,US
KLK,CONTAINER LEASING COMPANY,"11, BUILDING 1 1ST MAGISTRALNIY TUPIK",MOSCOW,123290,RU
KLN,KART (THAILAND) LIMITED,"ROOM 504, 5/F CHAO PHYA TOWER N° 89 SOI WAT SUAN PLU (CHAROENKRUNG 42/1), BANGRAK",BANGKOK,10500,TH
KLO,KLOIBER GMBH,GEWERBERING 28,PETERSHAUSEN,85238,DE
KLY,SAMERUS REEFER CONTAINER S.A.,"Akeltake Road, Ajeltake Island,",Majuro,96960,MH
KMA,ROYAL NETHERLANDS NAVY,VAN DER BURCHLAAN 31,DEN HAAG,2597 PC,NL
KMB,KAMBARA KISEN CO LTD,"1083 TSUNEISHI, NUMAKUMA-CHO FUKUYAMA-CITY",HIROSHIMA-PREF,720-0396,JP
KMI,KUANG MING ENTERPRISE CO. LTD,25FL N° 510 CHUNG HSIAO E. RD SEC.5,TAIPEI,110,TW
KMP,TANK ONE NV,Treurenborg 9 - Port nr. 420,Antwerpen,B-2030,BE
YML,YANG MING MARINE TRANSPORT CORP.,"271 MINGDE 1ST ROAD CIDU, KEELUNG",KEELUNG,20646,TW
KNT,KANTO CORPORATION INC.,13424 North woodrush way,Portland,,US
KPS,KANTO-PPC (SHANGHAI) INC.,"Room 2601,Eton Place. No.555,Pudong Avenue,",SHANGHAI,200120,CN
KQT,"KEIKU CO., LTD.","No.1, Gongye 7th Rd., Pingzhen Dist., Taoyuan City 324, Taiwan (R.O.C.)",Taoyuan,32459,TW
KRC,KIWIRAIL,"Level 2, Kiwirail Building , 8-14 Stanley Street",Auckland,1010,NZ
KRI,KRICON SERVICES B.V.,Ruigevelden 3,Lepelstraat,4644 RG,NL
KRM,HANS-GEORG KRAMER MOBELTRANSPORTE,Möbeltransporte Klosterhof 5,Bielefeld,33719,DE
KRT,KRAMPITZ TRANKSYSTEM GMBH,Lüneburger Straße 7,Dahlenburg,21368,DE
KSF,KING STAR FREIGHT PVT. LTD.,"B-10, New Heritage, Nr RBI Quarters, Kandarpada, Dahisar West",Mumbai - Maharashtra,400068,IN
KSI,LLC KISLOROD PREMIUM,"Visotnaya st., 14A",Petropavlovsk-Kamchatsky,683032,RU
KST,SCHILDECKER TRANSPORT GMBH,INDUSTRIEGELAENDE OBJEKT 2,PISCHELSDORF,A-3435,AT
KTD,CONDACO & KTD-M GMBH,Oesterleystrasse 90d,HAMBURG,22587,DE
KTI,KTI-PLERSCH KALTETECHNIK GMBH,Carl-Otto-Weg 14/2,Balzheim,88481,DE
KTN,K-TAINER TRADING BV,"ZALTBOMMELSTRAAT 10, PORT NR. 2530",ROTTERDAM,3089 JK,NL
KUD,GATEWAY CONTAINER SALES & HIRE PTY LTD,102 Gosport Street,"HEMMANT, Queensland",4174,AU
KUU,KAMCHATKA SHIPPING COMPANY,"2 square Shchedrina Street, Off 219",Petropavlovsk-Kamchatsky,683001,RU
KVO,RUSVINYL LLC,"microdistrict Western, quarter RusVinyl Kstovo, Kstovskiy rayon, the Nizhniy Novgorod region",Kstovo,607650,RU
KWK,KWIK EQUIPMENT SALES LLC,5220 Shank Road,"Pearland, TX-77581, Texas",,US
KWT,W. KOBRUNNER HANDELS-U. GUTERTRANSPORTE GMBH,ROMERWEG 14,REGAU,4844,AT
KWU,FRAMATOME GMBH,PAUL-GOSSEN-STR.100 PO BOX 1109,ERLANGEN,91052,DE
KYS,KYOGOKU UNYU SHOJI CO LTD,"2-1 NIHONBASHI-HAMAMACHI 1-CHOME, CHUO-KU",TOKYO,103-0007,JP
LAB,LAGERMAX AUTOTRANSPORT GMBH,Lagermax Strasse 1,STRASSWALCHEN,5204,AT
LAR,LAROUTE SA,GUBELSTRASSE 19,ZUG,6301,CH
GOJ,SOCOMAT SAS,22 RUE DE L''''EST,BOULOGNE,FR 92100,FR
LAU,LAUTERBACH SPEDITIONS-GMBH,SCHEIBENACKER 1,BERG,95180,DE
LBC,LIEBHERR-WERK BIBERACH GMBH,Memminger Strasse 120,Biberach a.d. Riß,88400,DE
LCG,LOTUS CONTAINERS GMBH,BUCHENRING 3,EGESTORF,21272,DE
LCI,HEXAGON LINCOLN,5150 NW 40TH STREET,"LINCOLN, NE 68524",,US
LCU,LANCER CONTAINER LINES LTD,"Mayuresh Chambers Premises Co-Op.Society Ltd., Unit No.HO2-2, HO2-3 & HO2-4, Plot No.60, Sector-11, Belapur,",NAVI MUMBAI,400614,IN
LCY,LCY CHEMICAL CORP.,"No.3, Zhonglin Rd., Xiaogang Dist.",Kaohsiung,81260,TW
LDR,TURKEY RUSSIA LOGISTICS CORPORATION,"LIMAN MAH, GEZI CAD. N°22/2, ILKADIM",SAMSUN,55100,TR
LDV,LINDE GAS VIETNAM LTD,"1B, Phu My 1 IZ, Phu My Ward,","Phu My Town, Ba Ria Vung Tau Province",78000,VN
LDZ,STATE JOINT STOCK COMPANY-LATVIJAS DZELZCELS,LATVIAN RAILWAY 3 GOGOLA STREET,RIGA,LV 1547,LV
LEA,SO.GE.SE SRL,via delle colline 100 c/o Interporto A.Vespucci,Collesalvetti,57014,IT
LEE,TRANSPORTBEDRIJF H.A. LEEMANS B.V.,OOSTEINDE 115 PO BOX 161,VRIEZENVEEN,7671 AV,NL
LEI,SET LINNINGS INTERNATIONAL S.A,"CONDOM.EMPR.MOITA,BLOCO I ABREU PEQUENO",MOITA,2860-579,PT
LEP,LAVA ENGINEERING COMPANY,"398, Bhavani Main Road, Ashokapuram",Erode,638004,IN
LFG,P&R EQUIPMENT & FINANCE CORP.,Artherstrasse 20,Zug,6300,CH
LFT,LFT GMBH INTERNATIONALE,LINDENSTRASSE 1,MÜNCHSMÜNSTER,85126,DE
LGA,LINGGAS (TIANJIN) LIMITED,"SANWEI RD.SOUTH,HEXIWU TOWN WUQING",DISTRICT TIANJIN,301714,CN
LGI,LINDE GAS ITALIA SRL,VIA GUIDO ROSSA 3,ARLUNO (MI),20010,IT
LGS,LINDE GAS SINGAPORE PTE LTD,50 JURONG ISLAND HIGHWAY,Singapore,627877,SG
LGV,ORANO DS - DEMENTELEMENT ET SERVICES,1 ROUTE DE LA NOUE ZAC DE COURCELLES,GIF SUR YVETTE,91196,FR
LGX,LOGIX S.A.,25 DE MAYO PO BOX 277,BUENOS AIRES,C1002ABE,AR
LIC,INTERMODAL CONTAINER SERVICE,KIRTIMU STR.47,VILNIUS,LT-02244,LT
LIX,CROSSTRADE SHIPPING LTD,"PALM CHAMBERS,197 MAIN STREET PO BOX 3174","ROAD TOWN, TORTOLA",,VG
LKD,BULKUID,10370 Richmond Ave. Suite 1125,"Houston, TX 77042",,US
LMC,IGNAZIO MESSINA & CO,VIA G. D''''ANNUNZIO 91,GENOVA GE,IT 16121,IT
LMR,L.M.C. (LEMARECHAL CELESTIN),ZA D''''ARMANVILLE RUE DES ENTREPRENEURS,VALOGNES,50700,FR
LOC,LOCALLTAINER LOCACOES DE CONTAINERS COM.E.SERV.LTDA,PCA.CORREIA DE MELO 13-CJ 24,SANTOS,11013,BR
LOE,LOESCHE GMBH,HEERDTER BUSCHSTRASSE 5,NEUSS,41460,DE
LOM,LEVORATO MARCEVAGGI SRL,VIA ORLANDA 47,CAMPALTO VE,IT 30173,IT
LOS,EMERSON CLIMATE TECHNOLOGIES,"TRANSPORT SOLUTIONS / APS BOELETVEJ 1,",RY,DK_8680,DK
LOU,INTERNATIONAL SHIPPING CO. INC.,350 SHIPYARD BLVD.,"WILMINGTON, NC-28412",,US
LPK,SYARIKAT LOGISTIK PETIKEMAS SDN BHD,"PT 16302, JALAN GEBENG 2/3, KAWASAN PERINDUSTRIAN GEBENG",KUANTAN,26080,MY
LPL,LAUDE SMART INTERMODAL S.A.,UL. WLOCLAWSKA 129-B,TORUN,87-100,PL
LRS,JSC LENA UNITED SHIPPING COMPANY,2 DZERZHINSKGOGO STR REPUBLIC OF SAKHA,YAKUTSK,678980,RU
LSH,LS HOLDING APS,Trueholmvej 2,Tilst,8381,DK
LSI,LS INTERTANK APS,C.F. TIETGENS VEJ 23 TAULOV,FREDERICIA,DK-7000,DK
LAN,SEA-LAND LOGISTICS ENTERPRISES PTE LTD,"1 Maritime Square, #10-31 HarbourFront Centre (Lobby B)",Singapore,099253,SG
LTE,TEU CONSERVICES LTD,"59, FOTI PITTA STR, YPSONAS",LIMASSOL,4182,CY
LUN,NUOVA LOGISTICA LUCIANU SRL,"VIA UGANDA, 12",Olbia,07026,IT
LUP,ARKEMA GMBH,NIEDERLASSUNG GUNZBURG DENZINGER STRASSE 7,GUNZBURG,89303,DE
LVI,"LINGGAS, LIMITED",R-1203 Huiyuan complex. N°8 Beichendonglu Chaoyang District,"Beijing, 100101",,CN
LXA,LUXEMBOURG ARMY,CENTRE MILITAIRE DIEKIRCH SERVICES LOGISTIQUES BP 166,DIEKIRCH,L-9202,LU
LYG,"DONG FANG INTERNATIONAL CONTAINER (LIANYUNGANG) CO., LTD","NO.6 XINGUANG ROAD, THE ECONOMIC AND TECHNICAL DEVELOPMENT ZONE",LIANYUNGANG,222042,CN
MAK,MAKIOS LOGISTICS,5TH KLM KALOCHORI THESSALONIKI ROAD,THESSALONIKI,54628,GR
AHL,MAMMOET EUROPE BV,POSTBUS 570,SCHIEDAM,3100 AN,NL
MBA,MARTI INFRA AG,SEEDORFFELDSTRASSE 21,MOOSSEEDORF,CH 3302,CH
MBB,MULTIBOXX LIMITED,"Office 7A, 46 Tsun Yip St. Kwun Tong",KOWLOON,,HK
MBF,MBF CARPENTERS SHIPPING LTD,"Level 14, Menara MBF, JalanSultan Ismail",KUALA LUMPUR,50250,MY
MBI,MORBRIDGE INTERNATIONAL LTD,CUNARD BUILDING WATER STREET,LIVERPOOL,L3 1DS,GB
MBW,MAX BOEGL STIFTUNG & CO KG,MAX BOEGL STR 1,SENGENTHAL,92369,DE
MBX,MOBILBOX CONTAINER TRADING LTD,MONTEVIDEO U.4,BUDAPEST,1037,HU
MAU,MAXON C&T CORPORATION LIMITED,"16/F KOWLOON BUILDING, 555 NATHAN ROAD, MONGKOK, KOWLOON",Hong Kong,999077,HK
MCE,MERCURY CONTAINER TRADING GMBH,Halskestrasse 50,Hamburg,22113,DE
MCI,MAERSK CONTAINER INDUSTRY AS,BJERNDRUPVEJ 47,TINGLEV,6360,DK
MCO,4SEAS SHIPPING AND FORWARDING BV,LEEUWENHOEKSTRAAT 124,BERKEL EN RODENRIJD,2652 XL,NL
MCT,MARIANA EXPRESS LINES PTE LTD,"140 Cecil Street #09-01, PIL Building",Singapore,069540,SG
MCZ,MINISTRY OF DEFENCE OF THE CZECH REPUBLIC,VITEZNE NAMESTI 5,PRAGUE,16100,CZ
MDI,M.D. SRL,"Traversa Abbeveratoio, 75",Napoli,80147,IT
MDK,RHENUS LOGISTICS AUSTRIA GMBH,KARL-MIERKA STRASSE 7-9,KREMS,3500,AT
MDS,QINETIQ TARGET SYSTEMS LIMITED,"THE BOULEVARD, ORBITAL PARK","ASHFORD, KENT",TN24 0GA,GB
MEG,SHANGHAI MEG IMPORT AND EXPORT CORPORATION,ROOM 4-101 N°299 BISHENG ROAD,SHANGHAI,201204,CN
MEN,"MENADIONA, S.L.",POL. IND. MAS PUIGVERT S/N,PALAFOLLS,08389,ES
MET,METAMORFOZA CZ s.r.o.,Tesinska 288,Senov,73934,CZ
MFR,MARFRET S.A.,13 QUAI DE LA JOLIETTE,MARSEILLE,F_13002,FR
MGM,"MEGA CONTAINERS SALES, INC",20687-2 AMAR RD N°289,"WALNUT, CA 91789",,US
MGS,MGS OFFSHORE SDN BHD,"F-3-12, Jalan Intisari Perdana Desa Park City, Pekan Kepong, 52200 Kuala Lumpur",Kuala Lumpur,52200,MY
MHC,MAG CONTAINER LINES INC,"Global Gateway 8, Rue de la Perle Providence",MAHE,,SC
MHF,MHF SERVICES,4500 BROOKFREE ROAD SUITE 200,"WEXFORD, PA 15090",15090,US
MHI,"MITSUBISHI HEAVY INDUSTRIES, LTD.","10, Oye-Cho, Minato-ku",Nagoya,455-8515,JP
MIA,MONTEBELLO AG,KIES UND BETONWERK PLAUNS 6,PONTRESINA,CH-7504,CH
MIN,SPEDITION MINOR GMBH,EMSCHERSTR. 68,GELSENKIRCHEN,45891,DE
MIT,PS SURVEY & CLAIM SERVICES APS,BIRKSOEVEJ 26,RISSKOV,8240,DK
MKL,MEDKON LINES,Yeşilbağlar Mah. Azim Sok. Cafer Kuyusu Mevkii N:6 K:5-6-7 Royal Marine Business Center Pendik,ISTANBUL,34893,TR
MKT,MK REFTRANS CO. LTD.,"2b, Nakhodkinskiy prospect",Nakhodka - Primorsky Krai,692900,RU
MLG,"MOLGAS ENERGIA, SAU","AVDA. DE CASTILLA, 2 BUSINESS PARK EDIFICIO FRANCIA, ESCALERA B, PLANTA 2",SAN FERNANDO DE HENARES,28830,ES
MLI,MITSUBISHI CHEMICAL LOGISTICS CORPORATION,"SHIBA NBF TOWER 1-1-30, SHIBADAIMON","MINATO-KU, TOKYO",105 0012,JP
MLK,MATLACK LEASING LLC,"191 PRESIDENTIAL BLVD, SUITE W5","BALA CYNWYD, PA 19004",,US
MLL,METRO LOGISTICS INTERNATIONAL (PVT) LTD,"518 A/ 1/1, Kandy Road,",Kelaniya,11600,LK
MLS,MILLER INTERMODAL LOGISTICS SERVICES INC,2222 Camden Court,Oak Brook,60523,US
MLT,MULCON SA,PEDRO BERRO 1035,MONTEVIDEO,11300,UY
MMM,MCCAUGHRIN MARITIME MARINE SYSTEMS INC.,"INTERNATIONAL CONTAINER DIVISION 34660 ELM STREET, SUITE 1001","WAYNE, MI",48184,US
MMR,MAINSTREAM ENGINEERING CORPORATION,200 Yellow Place,"ROCKLEDGE, FL 32955",,US
MNO,MAINCO,986 Rue Jean Bouin,Tourlaville,50110,FR
MNT,TRANSPORT MONTSANT S.A,"RONDA SANT ANTONI, 52 ENTLO",BARCELONA,08001,ES
MOA,MITSUI O.S.K. LINES LTD,"2-1-1, TORANOMON","MINATO-KU, TOKYO",105-8688,JP
MOD,MODUL LTD,MALOOKHTINSKY PR. 64-LITB,ST PETERSBURG,195112,RU
MOJ,MONTEIRO CONSTRUCOES E SERVICOS LTDA,"AV.FRANCISCO REIS, 650-SALA 02",ITAJAI SANTA CATARINA,88311-70,BR
MPA,MITSUBISHI POLYCRYSTALLINE SILICON AM CO,7800 Mitsubishi Lane,"Theodore, AL 36582",,US
MPS,MODULAR PONTOON SYSTEMS BV,VEERDAM 1,AALST,5308 JH,NL
MRB,GERMAN AEROSPACE CENTER,MOBILE ROCKET BASE MUENCHNER STRASSE 20,WESSLING,D_82234,DE
MRT,PT MERATUS LINE,JL ALOON-ALOON PRIOK 27,SURABAYA,60177,ID
MRV,MERVIELDE TRANSPORT NV,MONUMENTSTRAAT 13,ERTVELDE-RIEME,9940,BE
MRZ,MARENZANA SPA,"VIA TRATTATO DI SCHENGEN, N°5",NOVI LIGURE (AL),IT_15067,IT
MSH,MALAYSIAN SHIPPING CORP.SENDIRIAN BERHAD,"A-3A 1-1, 4TH FLOOR SOUTH TOWER BBT ONE THE TOWER 8, LEBUH BATU, NILAM 1",,,MY
MSS,MSSA,USINE DE POMBLIERE,SAINT MARCEL,73600,FR
MTC,MERLION HOLDINGS PTE LTD,"1 Commonwealth Lane #04-18, One Commonwealth",Singapore,149544,SG
MTG,MATHESON TRI-GAS INC,"3 Mountainview Road, 3rd Floor",WARREN,NJ 07059,US
MTM,MTT SHIPPING SDN. BHD.,"NO. 16, JALAN SUNGAI AUR/KS4",PORT KLANG,42000,MY
MTV,CONTAINERS MTV,VIA MIRAMARE - 1,GENOVA (GE),IT_16128,IT
MUC,G.T.S SPA,VIA SASHA MUCIACCIA N. 15,BARI,IT 70132,IT
IRE,INTERRAIL EUROPE GMBH,VOLTENSEESTR. 2,FRANKFURT AM MAIN,D-60388,DE
MUR,FRAMATOME SAS,4 rue thomas Dumorey,CHALON SUR SAONE,71100,FR
MUT,MUTUALISTA ACOREANA TRANSP. MARITIMOS SA,PRACA EUROPA 2,LISBOA,1249-289,PT
MVC,OY MOONWAY AB,Huolintakatu 5,TURKU -,20200,FI
MCJ,"MORITA CHEMICAL INDUSTRIES CO, LTD","1-3, 4-CHOME, KYUTAROMACHI, CHUOKU,",OSAKA,541-0056,JP
MWL,MUWON LS LTD,"14Fl, Janggyo Bldg, 363, Samil-daero, Jung-gu,",SEOUL,100-748,KR
MXC,MAXICON CONTAINER LINE PTE LTD,"200 CANTONMENT ROAD 14-01A, SOUTHPOINT",Singapore,089763,SG
MXF,MEXICHEM FLUOR JAPAN LIMITED,"Tennoz First Tower 14F 2-4 Higashi-Shinagawa 2-chome, Shinagawa-ku",Tokyo,140-0002,JP
MXM,MODALIS,345 RUE LOUIS DE BROGLIE,AIX-EN-PROVENCE,13100,FR
NAB,ECST CONTAINER SERVICES & TRADING GMBH,ELBDEICH 84,SEEVETAL / BULLENHAUSEN,D_21217,DE
NAG,TRANSPORT NAGELS N.V.,Romeynsweel 1C,Antwerpen,B-2030,BE
NAI,SAGER ASSETS S.A.,21 Rothusstrasse,Hünenberg,6331,CH
KKW,WEST OCEAN SHIPPING COMPANY LIMITED,"FLAT B, 19/F, WING HANG INSURANCE BLD 11 WING KUT STREET",CENTRAL,999077,HK
NAR,MT CONTAINER GMBH,REIHERSTIEGDEICH 55,HAMBURG,21107,DE
NAT,SHAPE,CHAUSSEE DE MONS,MONS,B-7010,BE
NBC,BUNNIK CREATIONS,Hyacintenweg 37,Bleiswijk,2665NC,NL
NBT,NISSAN BUTSURYU CO LTD,"635 SASAKURA, FUCHU-MACHI TOYAMA-SHI",TOKYO,939-2753,JP
NBY,"NINGBO OCEAN SHIPPING CO,LTD","F38, No.269 Ningdong Road",Ningbo,315040,CN
NCT,ORCA CONTAINER ASSET MANAGEMENT,N° 32 SECOND AVENUE CLAREMONT,CAPE TOWN,7708,ZA
NDA,INTERNATIONAL NUCLEAR SERVICES LTD,HINTON HOUSE BICHWOOD PARK AVENUE,WARRINGTON WA36AS,RISLEY,GB
NEC,NAT SHIPPING BAGGING SERVICES LTD. & ASSOCIATES,1 ASHTON GATE ASHTON ROAD,HAROLD HILL RM3 8UF,,GB
NES,BOREALIS AB,Industrivägen,STENUNGSUND,S-44486,SE
CRU,CR CONTAINER TRADING GMBH,Norderelbstraße 15,Hamburg,20457,DE
MDL,MITSUBISHI GAS CHEMICAL COMPANY INC,"MITSUBISHI BLD 5-2 MARUNOUCHI 2-CHOME, CHIYODA-KU",TOKYO,100-8324,JP
NFP,NAVIN FLUORINE INTERNATIONAL LTD,"602, 6th Floor, Natraj by Rustomjee, 194 M.V.Road & Western Express Highway, Near Kanakia 351 Building, Andheri (E).",MUMBAI,400 069,IN
NGT,FTLL LIMITED,Gladstone Road - Main Propane Terminal,Nassau,CB-13207,BS
NIK,NORILSK FORWARDING COMPANY LTD,"5 (office 107), Kirova Street",NORILSK,663305,RU
NIN,REF TRANS 2013 LTD,SAIRMIE HEAL 2,TBILISI,0194,GE
NIO,ROYAL NIOZ,LANDSDIEP 4,HORNTJE TEXEL,1791 SZ,NL
NIR,NIRINT SHIPPING BV,Augustapolder 74,Barendrecht,2992 SR,NL
NKL,NORTHERN LIGHTS SHIPPING,NIKOLAOU INT''''L TRANSPORT 2 GOUNARI STR,PIRAEUS,185 31,GR
NLL,NOBLE CONTAINER LEASING LIMITED,"UNIT 2003, PILKEM COMMERCIAL CENTRE 8 PILKEM STREET","JORDAN, KOWLOON",,HK
NMA,"COMMANDER, NAVAL AIR SYSTEMS COMMAND AIR 6.7.6.2","47013 Hinkle Circle, Bldg 416","PATUXENT RIVER, MD 20670",,US
NMF,NATIONAL OCEANOGRAPHY CENTRE,"Logistics Technical Group, European Way, Empress Dock, Room N° W 2/10",Southampton,SO14 3ZH,GB
NMH,MASSY GAS PRODUCTS (TRINIDAD) LTD,NORTH SEA DRIVE 614 PORT OF SPAIN,Point Lisas Industrial Estate Savonetta,,TT
NMK,PJSC MINING AND METALLURGICAL COMPANY NORILSK NICKEL,43 SOVETSKAYA STREET,DUDINKA,647000,RU
NMS,TRANSNOMICS LTD,"#102 STREET 15, TRAPEANG THLOENG SANGKAT VILLAGE, CHAOM CHAU","KHAN POR SEN CHEY, PHNOMPENH",,KH
NNC,CANADIAN ROYALTIES INC,800 BLV RENE LEVESQUE OUEST SUITE 410,"MONTREAL ,QUEBEC",H3B 1X9,CA
NOW,NORWOOD SHIPPING SA,C/RIO VINAPOLO 91,QUART DE POBLET- VALENCIA,46930,ES
NOX,LEEDEN NATIONAL OXYGEN LTD,"N°21,TANJONG KLING ROAD",JURONG,628047,SG
NRA,AEROGAS PROCESSORS LIMITED,NORTH SEA DRIVE POINT LISAS INDUSTRIAL ESTATE,COUVA,,TT
NRI,NATIONAL REFRIGERANTS INC.,661 KENYON AVE,"ROSENHAYN, NJ 08352",,US
NRS,NRS CORPORATION,"Kowa-Hitotsubashi Building, 7-1 Kanda- Nishikicho, 3-chome,",Chiyoda-ku,1010054,JP
NSA,THE NATIONAL SHIPPING CO OF SAUDI ARABIA,"Jeddah Building, 1st floor 7575 Almadinah almunawarah Rd Unit No. 106, Al Azizyah",JEDDAH,21423,SA
NSC,NORTHERN SHIPPING COMPANY,36 NAB. SEVERNOY DVINY,ARKHANGELSK,163000,RU
NSE,NORTH SEA EXPRESS,KOGGENSTRAAT 2,ZEEBRUGGE,B-8380,BE
NSG,NBC SPORTS,1 BLACHLEY ROAD,Stamford,06902,US
NSM,GRU COMEDIL SRL,VIA DELLE INNOVAZIONI 17,FONTANAFREDDA,33074,IT
NSO,NORDIC SHELTER AS,JERIKOVEIEN 14,OSLO,N-1067,NO
NSR,NAM SUNG SHIPPING CO LTD,"17TH FLOOR, CHANGGYO BLDG 1 CHANGGYO-DONG, CHUNG-GU",SEOUL 100-760,,KR
NTA,NT RENTAL APS,SKUDEHAVNSVEJ 30,AALBORG,9000,DK
NTO,NARVATANK LTD,TALLINNA MNT. 8A-4,NARVA,20304,EE
NTT,"NANTONG TANK CONTAINER CO, LTD","3888, JINTONG HIGHWAY, XINGREN, TONGZHOU, NANTONG",JIANGSU,226371,CN
NVG,"NOVA GAS TECHNOLOGIES,INC",2781 THREE LAKES ROAD,"NORTH CHARLESTON,SC 29418",,US
NVO,NAVIO SHIPPING LLC,"Suite No.1803, Al Moosa Tower1, Sheikh Zayad Road,",Dubai,122147,AE
NWB,NIJHOF WASSINK B.V.,POSTBUS 1,RIJSSEN,7460 AA,NL
NWN,NWM-EUROPE NV,FINLANDSTRAAT 1,EVERGEM,9940,BE
NXS,NEXTER SYSTEMS,11 ALLEE DES MARRONIERS,VERSAILLES,78022,FR
NXT,NEXTER MUNITIONS,"13, ROUTE DE LA MINIERE",VERSAILLES CEDEX,78034,FR
NYC,NIYAC CORPORATION,14-5 FUYUKI,KOTO KU,135-0041,JP
NYK,NYK LINE,"Liner Business Coordination Team　Liner Group Yusen building 2-3-2, Marunouchi Chiyoda-ku",TOKYO,100-0005,JP
NZL,CONTAINER SALES & LEASING LTD,43-59 SALEYARDS ROAD OTAHUHU,AUCKLAND,1062,NZ
OAC,LINDE-HADJIKYRIAKOS GAS LTD.,260 LIMASSOL AVENUE,STROVOLOS,2029,CY
OAS,OCEAN AXIS SHIPPING SERVICES LLC,KHALID BIN WALID ROAD,Bur-DUBAI,121636,AE
OBT,JIANGSU O-BEST NEW MATERIALS CO LTD,"No 88 Jianggang road, Economic & Technology Development Zone",Nantong,226000,CN
OCB,OCEAN BLUE FINANCE GROUP LIMITED,"ROOM 1508-13, OFFICE TOWER, CONVENTION PLAZA, 1 HARBOUR ROAD",WANHAI,,HK
OCE,OCEAN EXPRESS COMPANY,"9 EL FAWATEM STREET, AZARETTA",ALEXANDRIA,,EG
OCI,ARKEMA INC.,900 FIRST AVENUE,"KING OF PRUSSIA, PA 19406",,US
OCV,O.C.C. OVERBEEK CONTAINER CONTROL BV,BUTAANWEG 52 / 54,ROTTERDAM,3196 KC,NL
ODD,WELFIT ODDY (PTY) LIMITED,KURLAND ROAD PERSEVERANCE INDUSTRIAL TOWNSHIP,PORT ELIZABETH,6001,ZA
OER,ORIENTAL EQUIPMENT SERVICES INC,100 Lighting Way,"Secaucus, NJ 07094",,US
OFS,OILFIELD HIRE AND SERVICES,"Station Road,","Coleshill, Birmingham, B46 1JY",,GB
OGT,ORPHAN GRAIN TRAIN INC.,601 WEST PHILLIP AVE PO BOX 1466,"NORFOLK, NE-68702",,US
OMN,AIR LIQUID ITALIA SERVICE SRL,"VIA CALABRIA, 31",MILANO MI,IT_20158,IT
ONE,OCEAN NETWORK EXPRESS PTE. LTD.,"7 Straits view , Marina One East Tower #16-01/03",Singapore,018936,SG
OOC,ORIENT OVERSEAS CONTAINER LINE LTD.,"27TH FL, HARBOUR CENTRE 25, HARBOUR ROAD",WANCHAI,NIL,HK
OPT,OPTIMODAL INC,PO BOX 396,"WEST CHESTER, PA 19381",,US
ORE,ORIENT EXPRESS LLC,100 KRYGINA STREET,VLADIVOSTOK,690065,RU
ORI,VINCI & CAMPAGNA SPA,"viale monastir, 132",Cagliari,09122,IT
OSC,OCI COMPANY LTD,"OCI BUILDING, 50 SOGONG-DONG, JUNG-GU",SEOUL,100-718,KR
OSH,OMEGA SERVIS HOLDING,ZELATOVICE 147,ZELATOVICE,751 16,CZ
OSK,OCEANIC STAR LINE LTD,"Suite 302, 3rd floor, Shipping tower Al Mina Road",Bur Dubai,,AE
OSM,KOPPERS PERFORMANCE CHEMICALS NEW ZEALAND,"14 Mayo Road, Wiri",AUCKLAND,2104,NZ
OST,SUNCONTRACT GMBH,Eulerstrasse 15,Basel,4051,CH
OTT,OTTEVANGER MILLING ENGINEERS,MOERKAPELSE ZIJDE 32 PO BOX 3,MOERKAPELLE,2750 AA,NL
OUL,OULUN KONTTIVUOKRAUS OY,Poikkimaantie 4,Oulu,90400,FI
OVL,O.V. LAHTINEN OY,KOMENTOSILTA 1 / GATE HOUSE,HELSINKI,00980,FI
OXY,OXYMONTAGE,ZA de Penhoat,SAINT DIVY,29800,FR
OZM,GJSC OTEW,"Republic of Belarus. Mogilev Region, Osipovichi, Koltsevaya St., 1.",Osipovichi,213765,BY
OZT,OZTURK NAKLIYAT VE INSAAT SAN.TIC.LTD.STI,"Ferhatpasa Mahallesi Anadolu caddesi, No: 125","Atasehir, Istanbul",,TR
PAC,XPO LOGISTICS,6805 PERIMETER DR.,"DUBLIN, OH 43016",,US
PAG,PAGANELLA SPA,VIA C. COLOMBO 1 ZONA INDUSTR. VALDARO,MANTOVA MN,IT_46100,IT
PAL,PAN ASIA LOGISTICS INDIA PVT LTD,"Lancor West Minster, 2nd Floor New No.70, Dr.R.K.Salai",Mylapore Chennai,600004,IN
PAN,PANGAS,HAUPTSITZ INDUSTRIEPARK 10,DAGMERSELLEN,CH_6252,CH
PAS,PACIFIC LINES,"Pacific Lines Tower, 45D/19 D5 Street, Ward 25, Binh Thanh District,",Ho Chi Minh City,70000,VN
PBF,PACIFIC BULK FUEL LIMITED,29 Heather St. Parnell,AUCKLAND,1151,NZ
PBI,PRO BOX INC.,PO BOX 24425,"HOUSTON, TX 77229-4425",,US
PBS,P. LEASING CORPORATION LIMITED,5 NEW ROAD P.O. BOX 388,BELIZE CITY,,BZ
PBX,PREMIER BOX PTY LTD,1 Naunton Road,Burpengary QLD,4505,AU
PCA,GENERAL SERVICING AND TRADING LTD,GOVAN BUILDING - KUMUL HIGHWAY,PORT VILLA,-,VU
PCC,PROJEXTRADE,14 AVENUE DE L''''OPERA,PARIS,75001,FR
PCF,TRANSPORTES PORTUARIOS S.A,C/PABLO IGLESIAS 65 HOSPITALET DE LLOBREAT,BARCELONA,08908,ES
PCH,PIETERSE CONTAINERHANDEL & TRANSPORT B.V.,STOBBEWEG 11,TER AAR,2461 EX,NL
PCI,PACIFIC INTERNATIONAL LINES (PTE) LTD,"128 Beach Road ,#15-01 Guoco Midtown",Singapore,189773,SG
PCL,PAN CONTINENTAL SHIPPING CO LTD,"10F, OCI Bldg.,94, Sogong-ro, Jung-gu, Seoul, Korea",SEOUL,04532,KR
PCM,UNITED INITIATORS GMBH,DR GUSTAV-ADOLPH STR. 3,PULLACH,D-82049,DE
ATV,PEACOCK CONTAINER BV,HARINGVLIET 76,ROTTERDAM,3011 TG,NL
DCV,"DONGGUAN CIMC VEHICLE CO., LTD.","5# Wangniudun section,ShuiXiang Avenue,Wangniudun Town",Dongguan,523200,CN
NPD,NEPTUNE PACIFIC DIRECT LINE PTE. LTD.,"8 Wilkie Road, #03-01 Wilkie Edge",Singapore,228095,SG
PDQ,KATOEN NATIE TANK OPERATIONS N.V.,KETENISLAAN 1 - KAAI 1548,KALLO (KIELDRECHT),BE-9130,BE
PEG,PRODIT ENGINEERING S.R.L.,VIA ASTI N. 81,SANTENA,10026,IT
PEI,VERSALIS S.P.A,"LOGISTICA TERRA P.ZZA BOLDRINI, 1",SAN DONATO MILANESE (MI),20097,IT
PEK,PEKH CORP,"CAPITAL PLAZA BUILDING 8TH FLOOR ROBERTO MOTTA AVE,",COSTA DEL ESTE,0819-05911,PA
PER,PERTHON GROUP AB,Synnerodsvagen 11,Gothenburg,418 78,SE
PEX,"PENEX CONTAINER LINES (THAILAND) CO,LTD","92/8 7th FLOOR,SATHORN THANI BUILDING 2 NORTH SATHORN ROAD,SILOM,BANGRAK",BANGKOK,10500,TH
PFC,PETIT FORESTIER CONTAINER,DEPARTEMENT CONTAINER 11 ROUTE DE TREMBLAY,VILLEPINTE,93420,FR
PFL,PACIFIC FORUM LINE (NZ) LTD,29 Heather Street,"Auckland, Parnell",1052,NZ
PGH,THE PASHA GROUP,4040 CIVIC CENTER DRIVE SUITE 350,"SAN RAFAEL, CA-94903",,US
PGI,PAO GAN INDUSTRIAL CO LTD,"No. 5, Zhangbin E. 5th Rd.,","Xianxi Township, Changhua County",507001,TW
PHI,AIR LIQUIDE PIPELINE UTILITIES SERVICES INC,"LOT 15 & 16 BLOCK 2 CPIP-SEZ BRGY, BATINO","CALAMBA, LAGUNA",,PH
PHR,PYEONG HWA REEFER SERVICES INC,"12, Suyeong-ro 554beon-gil, Suyeong-gu",BUSAN,48300,KR
PIF,PEDDIE INVESTMENT TRUST,PO BOX 1157 DURBANVILLE,CAPE TOWN,7551,ZA
PIM,PIMK LTD,ROGOSHO SHOSSE 36,PLOVDIV,4003,BG
PKE,"PANTOS LOGISTICS CO.,LTD","41th Floor FKI B/D, 24, Yeouido-Dong, Yeongdeungpo-Gu",SEOUL,,KR
PKK,EKC INTERNATIONAL FZE,NEAR R/A 7 JEBEL ALI FREE ZONE,DUBAI,61041,AE
PLC,PLCS INTERNATIONAL,HEERSDIJK 25,HOOGVLIET,3194 KA,NL
PLG,GULBRANDSEN COMPANIES,2 MAIN STREET PO BOX 5523,"CLINTON, NJ 08809",,US
PLN,POLL NUSSBAUMER GMBH,AN DER WESTUMFAHRUNG 30,GMUNDEN,4810,AT
PLW,INSPEKTORAT WSPARCIA SZ U.L DWERNICKIEGO 1,U.L DWERNICKIEGO 1,BYDGOSZCZ,85915,PL
PMK,MDB CHEMICALS (INDIA) PVT LTD,"Catapharma House, 28/6/3, Ghadge Nagar, Near Swimming Pool,",Nasik Road - Dist. Nasik (MH),422 101,IN
PMT,PUUMAAILM LTD,KESL TEE 10,"JURI, HARJUMAA",75301,EE
PMU,PANALON MULTIMODAL,AVDA DE LOS REYES CATOLICOS 150,VILLARROBLEDO,02600,ES
PMX,PSI TIRE SUPPLY LLC,"9010 ESTATE COTTAGE, SUITE 2","CHRISTIANSTED, VI-00820",,US
PNA,SPECTRA CHEMICALS AND COMMODITIES (SHANGHAI),"SUITE B-31A, REGALIA BUILDING 29 XIANGCHENG ROAD",SHANGHAI,200122,CN
PNC,PACIFIC ENVIRONMENTAL CORP.,65 N. NIMITZ HWY,"HONOLULU, HI 96817",,US
PNE,PACIFIC NORTHWEST EQUIPMENT INC,7701 SOUTH 200TH STREET,"KENT, WA 98032",,US
POA,PRIMY OCEAN AIR LOGISTICS CO LTD,"ROOM 1209, LOFT 8, HI SHANGHAI N°950 DALIAN ROAD",SHANGHAI,200092,CN
POL,PANOCEAN,"Tower 8, 7, Jong-ro 5-gil, Jongno-gu,",Seoul,,KR
PPC,KANTO-PPC INC,"5F., No. 51, Ln. 935, Sec. 2, Jijie Rd., Shanbi Vil., Luzhu Dist",TAOYAN CITY,338011,TW
PPG,ALTIVIA SPECIALTY CHEMICALS,"1100 Louisiana St., Ste. 4800","Houston, TX 77002",,US
NLH,NEPTUNE PACIFIC LINE PTE LTD,29 Heather Street,"Auckland, Parnell",1052,NZ
PPT,TANKGUARD B.V.,ACHTERZEEDIJK 57 PO BOX 458,BARENDRECHT,NL-2990 AL,NL
PRB,PRS PASSIVE REFRIGERATION SOLUTIONS S.A.,"CORSO ELVEZIA, 16 PO BOX 5114",LUGANO,6901,CH
PRC,PRIDE-CHEM INDUSTRIES PTE LTD,2 TUAS VIEW LANE,Singapore,637657,SG
PRK,PROTANK LOGISTICS CO LTD,"ROOM B1 - 3F N° 126, SEC 4 NANJING E RD, SONGSHAN DISTRICT",TAIPEI CITY,105,TW
PRM,PARAMAR S.A.,Avda. Rca. Argentina 1412,Asuncion,1885,PY
PRX,PRAXAIR HELIUM,"1585 SAWDUST ROAD, SUITE 300","SPRING, TX-77380",,US
PSD,PIGOTT SHAFT DRILLING LIMITED,"HOLLOWFORTH HALL, HOLLOWFORTH LANE WOODPLUMTON",PRESTON,PR4 0BD,GB
PSE,"PANSTAR CO, LTD","PANSTAR CRUISE PLAZA, 30 HAEGWAN-RO, JUNG-GU",BUSAN,600-017,KR
PSG,PSG CORPORATION,1167-2 JISA DONG GANGSEO-GU,BUSAN,618-230,KR
PSM,TRADING LOGISTIC SAC SRL,via Provinciale Ripa snc - Vezzano Ligure,La Spezia,19020,IT
EOD,PENTALVER TRANSPORT LIMITED,"DOCK GATE 10, WEST BAY ROAD WESTERN DOCKS",SOUTHAMPTON,SO15-1AW,GB
PST,TETRA PAK PACKAGING SOLUTIONS SPA,VIA DELFINI 1,MODENA,41123,IT
PTK,PALTANK LTD,GORDON HOUSE 3-5 LEICESTER STREET,SOUTHPORT PR9OER,,GB
PUL,PORTPACK UK LIMITED,Unit A2 Enterprise Business Park Wigwam Lane,Hucknall Nottinghamshire,NG15 7SZ,GB
PVC,PAC-VAN INC,9155 HARRISON PARK COURT,"INDIANAPOLIS, IN-46216",,US
PVD,UNIT45 BV,"Rotterdam Airportplein 29, Cornerstone 5th floor",ROTTERDAM,3045 AP,NL
QNL,QATAR NAVIGATION (QSC),"MILAHA HEADQUARTERS, AIN KHALED P.O. BOX 153",DOHA,,QA
PRD,QUIMPAC DE COLOMBIA,KM 13 AUTOPISTA YUMBO AEROPUERTO,CALI,A.A 11490,CO
QSS,PT. INDONESIA TSINGSHAN STAINLESS STEEL,"GEDUNG IMIP, JALAN BATU MULIA 8, RT. 007/RW. 007, KEL. MERUYA UTARA, KEC. KEMBANGAN, KOTA ADM. JAKARTA BARAT, PROVINSI DKI",JAKARTA,11620,ID
RAI,RAINBOW CONTAINERS GMBH,IM HEISTERBUSCH 19,APENSEN,D-21641,DE
RAY,KNOW HOW TRADING B.V.,Bulkenaarsestraat 1,Roosendaal,4708SK,NL
RBC,RB HOLDING B.V.,BUSINESSPARK STEIN 410,ELSLOO,6181 MD,NL
RBE,RAT LOGISTICS GMBH,AUGUSTAANLAGE 40A,MANNHEIM,D_68165,DE
RBO,REEFERBOX CO,Gl. Lyngevej 86A,Alleroed,DK-3450,DK
RCL,R.M.I. CHEMICAL LOGISTICS BV,WESTGEULSTRAAT 6,ROTTERDAM,3197 LD,NL
RCO,"ROYAL CARGO, INC.","Royal Cargo Building, #3 Sta. Agueda Avenue Pascor Drive",Paranaque City,1704,PH
RCT,DEFENCE CONTAINER MANAGEMENT SERVICE,Building A34 MOD Donnington,Telford TF2 8JT,,GB
RDC,LIGNES MARITIMES CONGOLAISES (L.M.C),"13, AVENUE DES AVIATEURS",KINSHASA,9496,CG
RDL,RODELLA TRASPORTI SRL,VIA BOSCHETTO 2,MEDOLE (MN),IT_46046,IT
RDM,RODYMAR SHIPPING CO,ZAMZAM TOWER ELTHALATHINY & MOKHTAR SAID ST.,PORT SAID,,EG
RDR,ROEDER CARTAGE CO INC,1979 NORTH DIXIE HIGHWAY,"LIMA, OH 45801",,US
REA,ANDRADE & SANTOS LOCACAO DE MODULOS E IMPORTAÇÃO LTDA,"ALAMEDA ARMENIO MENDES, 66/905",SANTOS,11035-260S,BR
RED,SITEBOX STORAGE,"4340, S. WEST STREET","WICHITA, KS-67217",,US
REG,RCL FEEDER PTE LTD,"8TH FLOOR, RCL CENTRE 11 KEPPEL ROAD",Singapore,089057,SG
RET,REPARACIONES TECNICAS DE CONTENEDORES S.L.,C/Valdemoro N-16 1-B,Pinto,28320,ES
REV,REVISS SERVICES (UK) LTD,179 BROOK DRIVE MILTON PARK,"ABINGDON, OXON",OX14 4SD,GB
RFT,REFTERMINAL LTD,145 SVETLANSKAYA STREET,VLADIVOSTOK,690001,RU
COI,RICH GLORY (HONG KONG) LIMITED,"Room 302, Juyang Building N°1200 Pudong Avenue",SHANGHAI,200135,CN
RGT,RIGTANK GLOBAL S.A.,AVE PASEO DEL MAR Y AVE DEL PACIFICO MMG TOWER FL 23,PANAMA CITY,07101,PA
RHT,TRANSPORT ROGER HEINEN,STOCKEM 45,EUPEN,4700,BE
RIC,RINNEN GMBH & CO KG,Gutenbergstrasse 27,MOERS,47443,DE
RIE,OOSTERHOUT CONTAINER TERMINAL,Visserijweg 5,Oosterhout,4906CJ,NL
RIN,HERMANN RINNEN JUNIOR,GUTENBERGSTR. 27,MOERS,D-47443,DE
RIV,RIVOIRA OPERATIONS,Via Benigno Crespi 19,MILANO,20159,IT
RKH,RIN KAGAKU KOGYO CO LTD,34 SHINBORI IMIZU-SHI,TOYAMA,934-8534,JP
RKN,ROKONORD LTD,"VOLHONSKOE SHOSSE 4, LIT A. OF. 3 URBAN VILLAGE VILLOZI",SAINT PETERSBOURG,188508,RU
RMC,MULTISTAR LEASING LTD,HOPE STREET CHAPLE SANDBACH,CHESHIRE CW11 1BA,,GB
RMG,"RESOLVE MARINE GROUP, INC.",1510 SE 17th Street,"Fort Lauderdale, FL 33316",,US
RMS,"TRANSPORTS F.RAMOS,S.L",C/.MORELL 23,REUS,43203,ES
RNM,RNM TRANSPORTE QUIMICOS LDA,RUA DA FABRICA 123 SEGADE,VILA NOVA FAMALICAO,4765-080,PT
ROB,ROBERTO BUCCI S.P.A,VIA AMERIGO VESPUCCI 9/20,NAPLES,80142,IT
ROD,MAURITIUS SHIPPING CORPORATION LTD,"STE 412, ST JAMES COURT ST DENIS STREET",PORT LOUIS,,MU
ROE,CONTAINERHANDEL CARSTEN ROEHE GMBH,REINECKESTRASSE 14,HAMBURG,D-22761,DE
ROS,ROOS SPEDITION GMBH,MALSCHER STRASSE 19,DURMERSHEIM,D_76448,DE
ROU,ITA ROUTE,22 Avenue Léon Blum,ARQUES,62510,FR
RRM,REMAIN GMBH CONTAINER DEPOT AND REPAIR,DRADENAUER DEICHWEG 1,HAMBURG,DE 21129,DE
RRP,RESPOL RESINAS S.A.,Estrada das Moitas Altas,Pinheiros-Leiria,2415-746,PT
RRS,ARCTIC REEFER SERVICE & REPAIR B.V,NIEUWESLUISWEG 268 Harbour no. 5049,ROTTERDAM BOTLEK,3197 KV,NL
RSB,RSB LOGISTIC PROJEKSPEDITION GMBH,ROBERT-PERTHEL-STR.71-73,COLOGNE,50739,DE
RSE,REEFER SALES EUROPE BV,BINSCHOTENWEG 200,ROTTERDAM,3089 HC,NL
RSF,RSL FREIGHT CO LLC,"OFFICE 306-4, 3RD FLOOR ZABEEL BUSINESS CENTER, KARAMA DISTRICT",PO BOX 112076 - 009714 DUBAI,,AE
RSV,JSC REFSERVICE,"Nizhnyaya Krasnoselskaya str., 40/12, building 20, floor 10",Moscow,105066,RU
RTA,ROBOTANKS,9B SMOLNAYA STR,KYIV,03680,UA
RTB,RTSB GMBH,Industriestr. 24,Friedrichsdorf,61381,DE
RTG,TEHGAZ LLC,"BUDENNOGO STREET, 2 B",ORENBURG,460501,RU
RTS,ROBERT KUKLA GMBH,KOCHELSEESTR. 10,MUNICH,81371,DE
RTT,RASA TECHNOLOGY TAIWAN LTD,"NO.1 WEI 2ND RD.WUQI DIST, TAICHUNG CITY 435, TAIWAN (R.O.C.)",TAICHUNG COUNTY,43541,TW
RUR,EESTI CHEM OU,NORVA MNT 7-454,TALLIN,10117,EE
RVH,RAMA VESSEL HANDLERS PVT LTD,"SHOP N°15,TANKER OWNERS ASSOCIATION",GANDHIDHAM,370201,IN
RWA,TRISTAR CONTAINER SERVICES (ASIA) PVT. LTD.,"18, SWAMI SIVANANDA SALAI ADAMS ROAD. OPP. DOORDARSHAN",CHENNAI,600 005,IN
RWY,AO AK ZHELEZNYE DOROGI YAKUTII,Mayakovskogo,Aldan,678900,RU
RZD,PJSC TRANSCONTAINER,Oruzheynyy per. 19,MOSCOW,125047,RU
SAC,WALLENIUS WILHELMSEN LOGISTICS AS,PO BOX 33,LYSAKER,N-1324,NO
SAJ,GOODRICH MARITIME LLC,"SUITE#209, WEST BURRY OFFICE TOWER, MARASI DRIVE, OHOOD STREET","BUSINESS BAY, DUBAI",44613,AE
SAN,SAMSKIP HF,KJALARVOGUR,REYKJAVIK,104,IS
SAO,ARMASUISSE,Guisanplatz 1,BERNE,CH_3003,CH
SAT,DSV SPA,VIA DANTE ALIGHIERI 134,"PIOLTELLO, MI",20096,IT
SAV,SAR TRASPORTI SCPA,VIA VICOLI NR.89,RAVENNA,48124,IT
SAZ,SEVEN ASSET LTD,CARDINAL COURT 35-37 ST PETERS STREET,IPSWICH IP1 1XF,,GB
SBH,C. STEINWEG OMAN LLC,"Plot 1, Port of Sohar, Sultanate of Oman",LIWA,325,OM
SBI,"SEA BOX, INC",1 SEA BOX DRIVE,"CINNAMINSON, NJ 08077, New Jersey",,US
SBK,SEABROOK TANK SERVICES LTD,53/55 MERSEY VIEW,BRIGHTON-LE-SANDS / LIVERPOOL,L22 6QA,GB
SBS,SBS CONTAINERS LIMITED,FR.ROUSVELT & KATANIS 1,LIMASSOL,CY 3040,CY
SCB,SCANDI BULK AB,Viktoriagatan 16,Gothenburg,SE-41125,SE
SCF,SCF GROUP,"134 Richmond Rd, Marleston,",Adelaide,5000,AU
SCH,SYNTHESIS CHIMICA S.R.L.,STRADA STATALE 494 KM 48,CASTELLO DAGOGNA PV,IT_27030,IT
SCK,SCK-CEN,BOERETANG PO BOX 200,MOL,2400,BE
SCL,SMART CONTAINER LINES PTE LTD,10 BUROH STREET #02-32 WEST CONNECT BUILDING,Singapore,627564,SG
SDN,SEDNA CONTAINERS B.V.,Noordeinde 124G,Landsmeer,1121 AL,NL
SDW,FRANS DE WIT INTERNATIONAL BV,PO BOX 6058,MOERDIJK,4780 LL,NL
MCP,SEALAND MAERSK ASIA PTE LTD,"1 Paya Lebar Link, #13-01 Paya Lebar Quarter (PLQ1)",Singapore,408533,SG
SEB,ACTIVE CONTAINERS SERVICES BV,BUTAANWEG 52-54 PORT NR 3002,ROTTERDAM-VONDELINGPLAAT,3196 KC,NL
SED,SCHENKER (DEUTSCHLAND) AG,GOTTFRIED-SCHENKER-STR 1-5,EUSKIRCHEN,D_53879,DE
SEE,FUGRO GEOSERVICES,BICKLAND INDUSTRIAL ESTATE,"FALMOUTH, CORNWALL",TR11 4TA,GB
SEF,CROWLEY CARIBBEAN SERVICES LLC,9487 REGENCY SQ BLVD N,"JACKSONVILLE, FL 32225",,US
SDO,SPINNAKER EQUIPMENT SERVICES INC.,"601 Montgomery Street, Suite 520","San Francisco, CA 94111",94111,US
SET,ORYS TRICASTIN,Z.I. SUD 13 RUE JACQUES MONOD BP 97,PIERRELATTE,F_26702,FR
SEX,CONTAINER NORWAY AS,NESODDEN MARINE PARK,FJELLSTRAND,N-1458,NO
SEY,SEYCHELLES PETROLEUM COMPANY LTD,NEW PORT ROAD PO BOX 222,"VICTORIA, MAHE",,SC
SFB,SOLVAY FLUOR GMBH,HANS BOCKLER ALLEE 20,HANNOVER,30173,DE
SFE,SF ENTERPRISES,2525 MANDELA PARKWAY,"OAKLAND, CA 94607",,US
SFF,ACB AGENCIES,FERDINAND VERBIESTSTRAAT 7 B,EKEREN,2180,BE
SFR,SCANFOR BVBA,JACOBSVELDWEG 14,WOMMELGEM,2160,BE
SFU,"SAN FU CHEMICAL CO, LTD","340, HSIAN HSIN LI","SHAN-HUA, TAINAN",741,TW
SGI,SCOTLAND GAS NETWORKS,"NETWORK CONSTRUCTION AXIS HOUSE, 5 LONEHEAD DRIVE","NEWBRIDGE, EH28 8TG - SCOTLAND",,GB
SGL,SICGIL INDUSTRIAL GASES LTD,DHUN BUILDING 6TH FLOOR 84 (OLD N°827) ANNA SALAI,CHENNAI - TAMIL NADU,600 002,IN
SGN,SOGIN SPA,VIA ENRICO FERMI 5/A,CAORSO PC,29012,IT
SGP,SSB CRYOGENIC EQUIPMENT PTE LTD,"NO.6, ATTAP VALLEY ROAD",Singapore,759906,SG
SGS,SOUTHERN GAS SERVICES LIMITED,"67 Hoskyns Road, Izone Southern Business Hub PO Box 86017",Rolleston West,7658,NZ
SGT,SERLUX,1 rue de Fontebierg,Livange,3381,LU
SHC,SHANGHAI STAR HOUSE CO . LTD,2303 Xuanhuang highway Pudong District,Huinan TOWN,201300,CN
SHK,SEA HAWK LINES PVT LIMITED,"123/60, LEVEL 3, HAWK TOWER LINGHI STREET",CHENNAI,600 001,IN
SHL,SMITH-HOLLAND BV,Röntgenweg 8,SPIJKENISSE,3208 KG,NL
SHM,SACHEM JAPAN GODO KAISHA,"HIGASHIOSAKA PLANT 5-6-27, MIZUHAI",HIGASHIOSAKA,578-0921,JP
SHN,KARL SCHMIDT SPEDITION GMBH & CO KG,Roetelstrasse 1,HEILBRONN,D-74076,DE
SHO,SHIPPER OWNED CONTAINER LLC,1417 Hugh Wallis Road S,Lafayette,70508,US
SIA,SIAD SOCIETA ITALIANA ACETILENE & DERIVATI SPA,"VIA S. BERNARDINO, 92",BERGAMO BG,IT 24126,IT
SID,CHEMIKALIEN UND FLUESSIGKEITSTRANSPORTE A. SIEPMANN GMBH,AM SELTENREICH 38,DUISBURG,47259,DE
SIE,SOMER S ISLE SHIPPING LTD,"27, WOODLANDS ROAD",HAMILTON,HM 09,BM
SII,THE SHIPPING CORPORATION OF INDIA LTD,245 MADAME CAMA ROAD SHIPPING HOUSE,MUMBAI,400021,IN
SIK,SAMUDERA SHIPPING LINE LTD,6 RAFFLES QUAY #25-01,Singapore,048580,SG
SIL,SUN INTERMODAL LIMITED,"LGF, 27 Gloucester Place",London,W1U 8HU,GB
SIM,"SHANGHAI SAFE-TRANSPORT CHEMICAL LOGISTICS CO.,LTD","31F, SK Tower, No. 149 Youcheng Road, Pudong District,",SHANGHAI,200125,CN
SIP,PT PERUSAHAAN PELAYARAN NUSANTARA PANURJWAN,"KOMPLEK YOS SUDARSO MEGAH BLOK B-15 JL.YOS SUDARSO NO.1,TANJUNG PRIOK",JAKARTA,14230,ID
SIT,SITC CONTAINER LINES CO LTD,"No.30 Building, No.1388 Zhangdong Road",Shanghai,,CN
SJI,PT. SINARJAYA INTIMPERKASA,PERAK TIMUR 52,SURABAYA,60164,ID
ACT,SARJAK CONTAINER LINES PVT LTD,"8TH FLOOR, DLH PLAZA, COSMOS BUILDING OPP.SHOPPERS STOP, S V ROAD, ANDHERI W",MUMBAI,400058,IN
SJU,S JONES CONTAINERS LTD,"ANGLIAN ROAD, ALDRIDGE",WALSALL,WS98ET,GB
SKB,SWEDISH NUCLEAR FUEL AND WASTE MANAGEMENT,BOX 927,OSKARSHAMN,572 29,SE
SKH,SINOKOR MERCHANT MARINE CORP,"# 100-080 - 2ND FLOOR - NEW HAENAM BLDG 21 BUKCHANG-DONG, JUNG-GU",SEOUL,100-094,KR
SKM,MUTTI SRO,PRIEMYSELNA ULICA 6,TRNAVA,91701,SK
SLB,ETUDES ET PRODUCTION SCHLUMBERGER,1 RUE HENRI BECQUEREL,CLAMART,92140,FR
SLP,SEAGULL CONTAINER SERVICES PTE. LTD.,20 MAXWELL ROAD #11-07/08 MAXWELL HOUSE SINGAPORE (069113),Singapore,069113,SG
SLW,SALTWORKS TECHOLOGIES INC,13800 Steveston Hwy,Richmond,V6W 1A8,CA
SMC,SM CONTAINER LINES,"46, Chungjang-daero 9beon-gil, Jung-gu, Busan","Busan,",,KR
SMD,3M COMPANY,3M CENTER BLDG 225-3S-05,ST PAUL,55144-1000,US
SME,SMET BUILDING PRODUCTS LIMITED,93A Belfast Road,Newry,BT34 1QH,GB
SMH,STAALDUINEN LOGISTICS,HONDERDLAND 220,MAASDIJK,2676 ZG,NL
SML,SEABOARD MARINE LTD,8001 NW 79TH AVENUE,"MIAMI, FL 33166",,US
SMP,SCS MULTIPORT B.V.,Accraweg 1A,AMSTERDAM,1047 HJ,NL
SMS,PT.SULAWESI MINING INVESTMENT,"GEDUNG IMIP, JALAN BATU MULIA 8, KEL.MERUYA UTARA, KEC.KEMBANGAN, KOTA ADM. JAKARTA BARAT",JAKARTA,12710,ID
SNC,INTERNATIONAL CONTAINER LEASE INC,ROOM 1101 JIU LING BLD NO.21 XISAN HUAN BEILU,BEIJING,100089,CN
SNF,SNF S.A.S,ZAC DE MILIEUX,ANDREZIEUX CEDEX,FR 42163,FR
SOB,SOBOLAK INTERNATIONAL GMBH,STOCKERAUER STR. 161,LEOBENDORF,2100,AT
SOC,STAR SERVICE SRL,"VIA DE MARINI 53, 19TH FLOOR (TORRE SHIPPING)",GENOVA GE,IT 16149,IT
SOE,HANG ZHOU ZHE SHANG INDUSTRY TRADING,"2002,BUILDING 1,PHOENIX GARDEN N°39 QIANJIANG ROAD EMPLOYEE",HANGZHOU,310008,CN
BXL,SICOM S.P.A,VIA LA MORRA 8,CHERASCO (CN),I_12062,IT
SOM,SOMAL,QUARTIER CALIFORNIE BP 278,LE LAMENTIN CEDEX 2,97285,FR
SOT,SOLETANCHE BACHY INTERNATIONAL,Chemin des processions,Montereau Fault Yonne,77130,FR
SOX,AIR LIQUIDE SINGAPORE PRIVATE LIMITED,20 TUAS WEST AVENUE,,638432,SG
SPH,SPHB,26 ROUTE DE LA ZONE - ZIN°2,ST PIERRE,97410,RE
SPN,PT SALAM PACIFIC INDONESIA LINES,JALAN KARET N°104,SURABAYA,60161,ID
SPT,SCHENK-PAPENDRECHT BV,BURG KEYZERWEG 6 PO.BOX 1165,PAPENDRECHT,3350 CD,NL
SRB,LEIDOS,"5098 A - AVENUE, SUITE B","LONG BEACH, MS 39560",,US
SRE,SARENS NV,AUTOWEG 10,WOLVERTEM,B-1861,BE
SRT,SE.TRA.S. SRL,S.S.TIBERINA KM 10+300,NARNI SCALO (TR),IT 05036,IT
SSB,SPECIALIST SERVICES LLC,"CENTRE OF EXCELLENCE JEBEL ALI INDUSTRIAL AREA 1, P.O BOX 2752",DUBAI,,AE
SSF,JSC SAKHALIN SHIPPING COMPANY LT,"18-a, POBEDY STR.",KHOLMSK,694620,RU
SSR,SSREEFER-SOLUCOES EM SERVICOS REEFER LTDA,"AV. FRANCISCO REIS, 650",ITAJAI-SANTA CATARINA,88311-710,BR
SSS,SEA SANDS SHIPPING L.L.C,"Al Nokhitha Building , Al khaleej Road Near Hamriya Port , Office 417 , Deira- PO.Box 63129",DUBAI,63129,AE
STK,SANTOKU CHEMICAL INDUSTRIES CO. LTD,"54, Techno-Hills,Taiwa-cho,","Kurokawa-gun, Miyagi",981-3629,JP
STL,SHIPPING TRADING &LIGHTERAGE CO (STALCO),PO BOX 464,DUBAI,,AE
STN,SAMATAINERS,CHEZ SAMAT GESTION ZI DE SEYSSUEL - BP 1959,VIENNE CEDEX,38216,FR
STU,STUBBE B.V.,EDISONSTRAAT 13,GOUDA,2809 PC,NL
STW,SETTENTRIONALE TRASPORTI SPA,VIA STRADE NUOVE N°3,POSSAGNO (TV),31054,IT
STX,STAXXON LLC,3301 Harcourt Road,Clifton NJ 07013,,US
SUG,SUPAGAS PTY LTD,23 Commercial Drive,Dandenong South - Victoria,3175,AU
SUI,SWISSTERMINAL AG,FLACHSACKERSTRASSE 7,FRENKENDORF,4402,CH
SUM,SUMISHO GLOBAL LOGISTICS (CHINA) CO LTD,"ROOM 2203, TAIPING FINANCE TOWER N°488,MIDDLE YINCHENG RD-PUDONG NEW AREA",SHANGHAI,200120,CN
SUN,NICHIRIN GROUP CO,"3-11-6 MINATO, CHUO-KU",TOKYO,104-0043,JP
HBR,HB RENTALS,5813 Highway 90E,"Broussard, LA 70518",70518,US
SUT,SUTTONS INTERNATIONAL LTD,GORSEY LANE,"WIDNES, CHESHIRE",WA8 OGG,GB
SUZ,SUREZING CONTAINER INTERNATIONAL LTD,"AKARA BLDG,24 DE CASTRO STREET WICKHAMS CAY I, ROAD TOWN",TORTOLA,,VG
SVK,SUOMEN VUOKRAKONTTI OY,YRITYSPUISTONTIE 2,RAJAMAKI,05200,FI
SVM,SCHAVEMAKER LOGISTICS B.V,LIJNDENWEG 17,BEVERWIJK,1940,NL
SVN,MINISTRY OF DEFENCE REPUBLIC OF SLOVENIA,SLUZBA ZA SPLOSNE ZADEVE VOJKOVA C.59,LJUBLJANA,SI-1000,SI
SWC,SWISSCONTAINER AG,ROESSLIMATTE 6,GWATT,3645,CH
SXO,STELLA EXPRESS (SINGAPORE) PTE LTD,36 ROBINSON ROAD #12-02 CITY HOUSE,Singapore,068877,SG
SXS,SOLVAY SPECIALTY POLYMERS ITALY SPA,VIALE LOMBARDIA N° 20,BOLLATE (MI),20021,IT
SXX,KIRSEN GLOBAL SECURITY GMBH,"Oranienstraße, 6",Berlin,10997,DE
SZR,LLC SYNTEZRAIL,"39 NIZHNYAYA KRASNOSELSKAYA STREET, BLD 1, PREMISES XVIII, ROOM 2",MOSCOW,105066,RU
TAC,EAST CIRCLE INVESTMENT COPR,CALLE 50 Y 74 SAN FRANCISCO EDIF ST GOERGES BANK & CO - PISO # 15,BP 0830-01580,,PA
TAF,TERRES AUSTRALES ET ANTARCTIQUES FRANCAISES,1 RUE GABRIEL DE JEAN,SAINT PIERRE,97410,FR
TAH,TA ASIA LOGISTICS PTE LTD,N°6 First Lok Yang Road,Singapore,629730,SG
TAL,ALFRED TALKE GMBH & CO.KG,MAX PLANCK STR. 20 POSTFACH 1662,HURTH,D_50333,DE
TAN,TACON GMBH TANK & CONTAINER SERVICES,BRAAKER GRUND 7,BRAAK,DE 22145,DE
ICT,TANKSPAN LEASING LIMITED,PO Box 4327,"Bracknell, Bershire RG42 9WS",,GB
TAT,TRINIDAD DISTILLERS LTD,CORNER EASTERN MAIN ROAD & TRINITY AVENUE / PO BOX 62,LAVENTILLE,,TT
TAY,EUROPEA DE CONTENEDORES S.A. EUCONSA,"Camino de los Leñadores, 65",EL PALMAR - MURCIA,30120,ES
TBB,CHINA RAILWAY TIELONG CONTAINER LOG CORP LTD,"6F, No.1 Building, No.12 South Yuetan Street, Xicheng District,",BEIJING,,CN
TBK,TEIJIN LOGISTICS CO LTD,"2798-50, Minami-yoshida-cho",Matsuyama,791-8042,JP
TBL,"CHINA RAILWAY TIELONG CONTAINER LOGISTICS CO., LTD. BEIJING SPECIAL CONTAINER TECHNOLOGY DEVELOPMENT CENTER",N°1 XINAN STREET,DALIAN,,CN
TBU,TRUE BLUE CONTAINERS (2005) PTY LTD,665 Welshpool Road East,Wattle Grove,6107,AU
TCC,TANK CONTAINER CLEANING SERVICES S.R.L.,VIA LUIGI VOLPICELLA 194,NAPOLI,IT80147,IT
TCG,TRANSPORTS COTTARD-GLENAT CHIMIE,ZIP LES GRANDS BALMES,SALAISE-SUR-SANNE,38150,FR
TCO,JSC TECO,"27, LEONOV STREET",VLADIVOSTOK,690065,RU
TCS,TANKCON B.V,Edisonweg 7-19,Spijkenisse,3208 KB,NL
TCT,TI. CI. TI. SA,"VIA SOTTOBISIO,N°26",BALERNA,CH-6828,CH
TCX,TRANSMIT CONTAINERS LTD,"HOWE MOSS PLACE,KIRKHILL INDUSTRIAL ESTATE DYCE",ABERDEEN,AB 21 OGS,GB
TEA,TEAKDECKING SYSTEMS INC,7061 15TH STREET EAST,"SARASOTA, FL 34243",,US
TEE,CRYO-TEC BVBA,NIEUWDREEF 62 PO BOX 2170,MERKSEM,,BE
TER,TECNIRUTA CONCISA S.A.,AV. IPARRAGUIRRE S/N,SANTURCE VIZCAYA,ES 48980,ES
TFC,FAGIOLI SPA,VIA FERRARIS 13 SANT'''' ILARIO D''''ENZA,REGGIO EMILIA,IT 42049,IT
TFE,TRANSFENNICA LTD,Uudenmaankatu 20 B,HELSINKI,FI-00120,FI
TFH,DHL FLEET SUPPORT ENGINEER,"DHL Supply Chain, c/o Lanxess. Tenax Road, Trafford Park",Greater Manchester M17 1WT,,GB
TFM,LIMITED LIABILITY COMPANY TFM,27 LEONOV STR,VLADIVOSTOK,690065,RU
TFR,CONTENEDORES TEIFER,POLIGONO INDUSTRIAL ''''EL SEGRE'''' PARCELA 509,LLEIDA,25191,ES
TGA,TECHGLASS SP. ZOO.,"UL. ZYGMUNTA STAREGO, 124",KRAKOW,30-198,PL
TGI,TAEWOONG LOGISTICS CO.LTD,"#1103, 11F, 70, GASAN DIGITAL 1-RO, GEUMCHEON-GU",SEOUL,08590,KR
TGL,TLS LOJISTIK A.S,KUCUKBAKKALKOY MAH. YENIDOGAN CAD. N°23 ATASEHIR,ISTANBUL,34750,TR
TGT,NINGBO TRANSOCEAN GLOBAL TRANSPORTATION CORP.LTD,"15F, BLOCK A, FORTUNE BUILDING, NO.828 FUMING ROAD, YINZHOU DISTRICT",NINGBO,315041,CN
THP,ITALMATCH CHEMICALS S.P.A.,Via Vismara 114,"Arese, MI",20044,IT
THQ,"THOR QUIMICOS DE MEXICO, SA DE CV","AUTOPISTA MEXICO-QUERETARO KM 182 S/N, PEDRO ESCOBEDO",QUERETARO,76700,MX
TIC,LIVERANI GROUP SPA,"VIA MAESTRI DEL LAVORO, 4",SANTA MARIA DI ZEVIO (VR),IT 37059,IT
TIH,TRADECORP INTERNATIONAL HONG KONG LIMITED,Level 8 Lucky Building 39 Wellington Street Central District,HONG KONG,,HK
TIO,ONET TECHNOLOGIES TI,36 Boulevard de l''''Océan,MARSEILLE CEDEX 09,13258,FR
TIP,TIP TRAILER SERVICES MANAGEMENT B.V.,“The Alpha Tower” De Entree 33,Amsterdam,1101 BH,NL
TIS,TRANSPORT INDUSTRIAL SERVICE (TIS) LTD,"208 ""A"" room, 3 Lit. A, Dvinskaya str.",ST PETERSBURG,198035,RU
CMP,CONSERT S.R.L.,VIA MONTENERO 20/22,TRUCCAZZANO,20060,IT
TKI,"TOM KRAEMER, INC.",16994 County Road 158,"Cold Spring, MN 56320",,US
TKM,TANKMASTER LTD,"Novosaratovka 128, Vsevolozsky r-n, Leningrad Region",Novosaratovka,193140,RU
TKN,THERMO KING TRANSPORT KOELING B.V.,DRIEMANSSTEEWEG 60 PO BOX 59060,ROTTERDAM,3008 PB,NL
TLN,TRIDENT CONTAINER LEASING BV,HERENGRACHT 493,AMSTERDAM,1017 BT,NL
TLO,TANKLOG GMBH & CO KG,AM DUNENRAND 28,MANNHEIM,D_68239,DE
TLX,TRANS ASIAN SHIPPING SERVICES (P) LTD.,"TRANS ASIA CORP PARK- XIV/396-C SEAPORT RD, CHITTETHUKARA, KAKKANAD",COCHIN,682 037,IN
TMB,TAMBOUR LTD.,INDUSTRIAL ZONE AKKO ASKAR PO BOX 2238,AKKO,2422224,IL
TMD,CARIBBEAN GAS CHEMICAL LIMITED (CGCL),"Lot 2A, Union Industrial Estate,",La Brea,00000,TT
TME,TOMOESHOKAI CO; LTD,"1-2-5, KAMATA-HONCHO , OHTA-KU",TOKYO,144 -8505,JP
TMH,TRIMODAL EUROPE B.V,POSTBUS 284,HOOGVLIET / RT,3190 AG,NL
TMP,T.M.P TRANS MODAL,62 BIS AV CHARLES DE GAULLE,NEUILLY S/SEINE,92200,FR
TIV,TRANSINSULAR CABO VERDE,Rua Visconde S. Januario nr 12 Plateau,PRAIA,9999 999,CV
TNA,TIONG NAM LOGISTICS SOLUTIONS SDN BHD,"LOT 204 JALAN BUKIT BELIMBING 26/38, OFF PERSIARAN TENGKU AMPUAN, SECTION 26",SHAH ALAM,40400,MY
TNC,TAIYO NIPPON SANSO CORPORATION,"TOYO BLDG 1-3-26 KOYAMA, SHINAGAWA-KU",TOKYO,142-8558,JP
TND,TCI SUPPLY CHAIN SOLUTIONS,"TCI HOUSE, PLOT N°69 INSTITUTIONAL AREA SECTOR 32","GURGAON, HARYANA",122001,IN
TNF,TANFAC INDUSTRIES LTD,"N°.14, SIPCOT INDL.COMPLEX",CUDDALORE / TAMILNADU,607 005,IN
TLI,TN AMERICAS LLC,"7160 RIVERWOOD DRIVE, SUITE 200","COLUMBIA, MD 20146",,US
TNO,TANCO INTERNATIONAL (97) LTD.,HAMEGINIM 54 P.O. BOX 33046,HAIFA,31330,IL
ULC,UNICO LOGISTICS CO LTD,"20F AIA TOWER, 16, Tongil-ro 2-gil, Jung-gu,",SEOUL,04511,KR
TOE,TRANSOCEAN EQUIPMENT MANAGEMENT LLC,5000 Greenwood Hwy,Saluda,29138,US
TOI,GRANDS TRAVAUX DE LOCEAN INDIEN (GTOI),ZI 2 - BP 32016,LE PORT - LA REUNION,97824,FR
TOP,TOPTAINER CONTAINERMANAGEMENT & SALES GMBH,Barmbeker Strasse 160,HAMBURG,D_22299,DE
TOT,SERVIZI LOGISTICI INTEGRATI S.R.L,VIA CHESA NUOVA SNC,SORA (FR),03039,IT
TPC,WAN HAI LINES LTD,"10TH FLOOR, N°136 SUNG CHIANG ROAD",TAIPEI,10417,TW
TPK,TRANSPEK INDUSTRY LIMITED,"4th Floor, Lilleria 1038, Near Zydex; Gotri Sevasi Road,",VADODARA,390021,IN
TPS,BASF TAIWAN LIMITED,"16TH FLOOR, N° 87 SUNG CHIANG ROAD KUANYIN INDUSTRIAL PARK",TAIPEI,10486,TW
TQR,TRANSPORTES QUIMICOS RAMIREZ SL,C/ JUAN DE LA CIERVA 11,SANLUCAR LA MAYOR-SEVILLA,41800,ES
TRE,TRIEST AG GROUP INC,Dell Gillepsie PO BOX 965,TIFTON,GA-31793,US
TRG,TRIGAS EXPORT CA,"CALLE TARIA URB, SAN ROMAN QUINTA REBECA",CARACAS,1061,VE
TRK,TURKON CONTAINER TRANSPORTATION&SHIPPING,"ALTUNIZADE MAHALLESI,FAHRETTIN KERIM GOKAY CAD N°33",USKUDAR ISTANBUL,34662,TR
TRM,TARIMSAL KIMYA A.S.,ESENTEPE MAH. BUYUKDERE CAD. No:108/1 İÇ KAPI NO:508(OYAL İŞ MERKEZİ KAT:9 D:8),ISTANBUL,34394,TR
TRN,TRANSNET SA,86 FILONOS STR,PIRAEUS,18536,GR
TRO,FELIX TROLL TRANSPORT GMBH,Helga Krismer Platz 1,Innsbruck,AT - 6020,AT
TRP,TROPICAL TRAILER LEASING LLC,9475 NW 89TH AVENUE,"MIAMI, FL-33178",,US
TRS,FEDERTRASPORTI SPA,VIA G. DI VITTORIO 21/B1,CASTELMAGGIORE (BO),40013,IT
TSC,TRANS-SERVICE-1 LLC,"Sknyliv village, Pustomyty district",Lviv,8118,UA
TSF,SOULBRAIN CORP,"34, PANGYO-RO 255 BEON-GIL SEONGNAM SI",GYEONGGI-DO,13486,KR
TSK,ESK SA,TAMARITS 3 (P.I. MEDITERRANEO),ALBUIXECH VALENCIA,46550,ES
TSL,TCI SEAWAYS A DIVISION OF TRANSPORT CORPORATION OF INDIA LTD,"4TH FLOOR, GEE GEE CRYSTAL N° 92, DR RADHA-KRISHNAN SALAI-MYLAPORE",CHENNAI - TAMINALDU,600004,IN
TSS,T.S. LINES LTD,"6/F, NO. 167, TUN-HUA N. RD",TAIPEI,105,TW
TSV,SHIPPING COMPANY TRANSIT SV LLC,98 SVERDLOVSKAYA STR,KRASNOYARSK,660054,RU
TTB,EQUIPPED4U BV,Aanwas 25,Roosendaal,4704 SC,NL
TTE,TEAMTEC AS,NYVEI 41 PO BOX 203,TVEDESTRAND,4902,NO
TTK,TRISTAR TRANSPORT LLC,Jabel Ali Industrial Area -2,Dubai,51328,AE
TTS,LLC TRADETRANS,"28, Derzhavina Str., office 2017",Novosibirsk,630091,RU
TUC,TUCABI CONTAINER S.L.,"B° ARRIAGA SAKONI, 14",ERANDIO,48950,ES
TVS,TRANSVISION SHIPPING PTE LTD,The Octogen 105 Cecil street,069534,,IN
TWP,TROPICAL WESTERN PACIFIC PROGRAM OFFICE,"Los Alamos National Laboratory EES-14, FIDO P.O. Box 1663, MS-J577","LOS ALAMOS, NM 87545",,US
TXX,TRIDENT SEAFOODS CORP,5303 Shilshole Avenue NW,Seattle,98107-4000,US
TYR,CRS REFRIGERATION LTD,"ARCTIC HOUSE, CARNISLE, KILDALKEY",MEATH,,IE
TZK,SUMISEI TAIWAN TECHNOLOGY CO LTD,N°2 CHANGPING WEST 4TH ROAD SIANSI TOWNSHIP,CHANGHUA COUNTY,50741,TW
UAF,UAFL UNITED AFRICA FEEDER LINE,UAFL HOUSE LABOURDONNAIS,MAPOU,31803,MU
UCS,UNIVERSAL CONTAINER SERVICES LIMITED,WHARFSIDE CONTAINER PARK IRLAM WHARF ROAD,"IRLAM, MANCHESTER",M44 5FZ,GB
UEN,U-EN CORPORATION,SHINMEIKAI BLDG 6F 4 KAIGAN-DORI,"CHUO-KU, KOBE",6500024,JP
UGM,GREENCOMPASS MARINE S.A.,"53RD STREET, URBANIZACION OBARRIO TORRE SWISS BANK, 2ND FLOOR",,,PA
UMJ,AS CONTAINERHANDEL & SERVICE GMBH,Raiffeisenstrasse 60,Berne,27804,DE
UNC,UNI-LOGISTICS SP. Z O.O.,ul. Polska 19,GDYNIA,81-339,PL
UND,UNITAINER TRADING GMBH,Schluisgrove2,Hamburg,21107,DE
PQI,UNITAS CONTAINERS LIMITED,27 Reid Street,HAMILTON,HM11,BM
UPL,"UPLINE CZ, S.R.O.",NA SKROBECH 36,JINOCANY,252 25,CZ
URE,URENCO LTD,Roentgenstrasse 4,Gronau,48599,DE
URF,EUROTRANS LOGISTICS LLC,"а/я 44, Sverdlovsk Oblast,",Yekaterinburg,620141,RU
USA,UNITED STATES ARMY,1 SOLDIER WAY,"SCOTT AFB, IL-62225-5006",,US
USF,UNITED STATES AIR FORCE,5215 THUROLW ST.SUITE 5 BLDG 70-C,"WRIGHT-PATTERSON AFB, OH-45433",,US
USM,UNITED STATES MARINE CORPS,"814 RADFORD BLVD,BLVD 1121","ALBANY, GA-31704",,US
USN,UNITED STATES NAVY,"1837 MORRIS STREET,STE 600","NORFOLK, VA-23511-3492",,US
UTK,"UNITEK SOLVENT SERVICES, INC",91-125 KAOMI LOOP,"KAPOLEI, HI 96707",,US
UZU,JSC UKRZALIZNYTSIA,RAILWAY TRANSPORT OF UKRAINE TVERSKA ST 5,KYIV,03680,UA
VAG,VA GROUP LTD.,"building 3/9, Polkovaja street",MOSCOW,127018,RU
VAN,VANHUB EQUIPMENT SERVICES LTD,"Room 902-903, 9/F, Midas Plaza, No. 1 Tai Yau Street, San Po Kong",Kowloon,,HK
VAS,VASI SHIPPING PTE LTD,91 BENCOOLEN STREET # 10-02 SUNSHINE PLAZA,Singapore,189652,SG
VBK,TRANSPORT VERBEKEN NV,HOOGVELD 85,DENDERMONDE,B_9200,BE
VCC,TC VANCONTAINER CO. LTD,"4 Dobryninskiy pereulok, 8, office 307",Moscow,119049,RU
VDC,VAN DOORN CONTAINER SALES AND RENTALS,REEWEG 26,ROTTERDAM,3088 KA,NL
VDL,L.V.D. LEE EN ZONEN BV,HAAGWEG 125,DELFT,2612 CR,NL
VEG,VERHOEK INTERNATIONAAL TRANSPORT BV,NIJVERHEIDSTRAAT 20 PO BOX 132,GENEMUIDEN,8281JE,NL
VER,VERSUM MATERIALS US LLC,8555 S River Pkwy,"TEMPE, AZ 85284",,US
VES,VEOLIA ENVIRONMENTAL SERVICES,Corrin,Fermoy,P61 FD74,IE
VIC,CONTAINER SERVICES SOLENT LTD,"IMPERIAL HOUSE, 24 BOTLEY RD HEDGE END","SOUTHAMPTON, HAMPSHIRE",SO30 2HE,GB
VIN,VOERMAN INTERNATIONAL BV,Reflectiestraat 2,Nootdorp,2631 RV,NL
VLN,VELAN SAS,90 RUE CHALLEMEL LACOUR,LYON CEDEX 07,69367,FR
VML,VASCO MARITIME PTE LTD,"1 Maritime Square #13-01A , Harbour Front Centre",Singapore,099253,SG
VOC,BERTHOLD VOLLERS GMBH,SPEICHERHOF 308,BREMEN,28217,DE
VOL,VOLTA SHIPPING SERVICES L.L.C,"Burj Al Salam, Office Tower, Sheikh Zayed Road, Trade Centre First, Dubai, U.A.E",Dubai,24637,AE
VPL,VAN PLUS CORPORATION,"ROOM N°3811, HYUNDAI 41 TOWER, 293, MOKDONGDONG-RO, YANGCHEON-GU",SEOUL,07997,KR
VRE,VREDEVELD INTERMODAL,P.R. ROELFSEMA RZN WEG 17,HOOGERSMILDE,9423 RA,NL
VRS,"VLADREFTRANS CO, LTD","11-B, Morozova str.",VLADIVOSTOK,690065,RU
VSB,V.S & B CONTAINERS LLC,"Unit No.1509, Gold Crest Executive Plot No. JLT-PH1-C2A - Jumeirah Lakes Towers",DUBAI,,AE
VTG,VTG TANKTAINER GMBH,NAGELSWEG 34,HAMBURG,D_20097,DE
VTI,MOVE INTERMODAL SRL,VIA CARLO PANSERI 118,NOVARA,28100,IT
VTZ,RUBIS ENERGIE,"Tour Landscape - 6, Place des Degrés",PARIS LA DEFENCE CEDEX,92800,FR
VVI,GASCONTAINER JSC,KIROVA STREET 108,NOVOSIBIRSK,630009,RU
VZR,TRASPORTI VECCHI ZIRONI SRL,VIA MARSILIO DA PADOVA 6,REGGIO EMILIA,42100,IT
WAF,BOCS GMBH,Martinistrasse 29,Bremen,28195,DE
WAG,WESTFALEN AG,INDUSTRIEWEG 43,MUENSTER,48155,DE
WAR,WARTSILA FINLAND OY,Järvikatu 2-4,VAASA,65100,FI
WAY,"SHANGHAI WAYSMOS FINE CHEMICAL CO.,LTD.","388 LIANGLE ROAD,LAOGANG TOWN,PUDONG NEW AREA",SHANGHAI,201302,CN
WBF,WINE & BRANDY FACTORY ALLIANCE-1892,"9A, GOGOLYA STREET KALININGRAD REGION",CHERNYAKHOVSK,238150,RU
WBT,WILBERT TRADING BV,KORHOENSTRAAT 21,MAASSLUIS,3145 CE,NL
BLU,WILLBOX LTD,MANOR HOUSE AVENUE Millbrook,Southampton Hants,SO15 0LF,GB
WCG,WELDSHIP INDUSTRIES,225 W.2ND STREET,"BETHLEHEM, PA 18015",,US
WCH,CW CONSULTING & TRADING E.U.,Klein-Gaisfeld 126c,Krottendorf-Gaisfeld,8564,AT
WCS,WCS SANTANGELO GMBH,ELLERHOLZWEG 8-9,HAMBURG,21107,DE
WCT,WIENCONT CONTAINERTERMINAL GMBH,Freudenauer Hafenstrasse 8-10,Wien,1020,AT
WDF,ALLNEX AUSTRIA GMBH,BUNDESSTRASSE 175,WERNDORF,8402,AT
WEK,WEST-EXPRESS,"56-B Skovorody str.,Rokytne village, Kremenchuk district, Poltava region, Ukraine 39740",Rokytne village,39740,UA
WEL,WELCOR S.A.,Canada 6206,Montevideo,11500,UY
WES,WESTERN GLOBAL HOLDINGS LIMITED,"WESTERN HOUSE, BROAD LANE, YATE",BRISTOL BS37 7LD,,GB
WGS,WG SALARI BV,DPT TRANSPORT MILLENERWEG 12,SITTARD,NL 6136 KW,NL
WIC,WICAB CONTAINER AB,Transportgatan 7,Hisingsbacka,422 46,SE
WIT,LANXESS ORGANOMETALLICS GMBH,"Chempark, building K10",LEVERKUSEN,D-51369,DE
WJS,WOOJIN GLOBAL LOGISTICS,"Room801, Gangseo Hanwha Bizmetro A-dong Bluilding, 551-17 Yangcheonro","GANGSEO-GU,SEOUL",07532,KR
WLG,WAH LEE INDUSTRIAL CORP.,"10F., No.235, Chung Cheng 4th RD., Kaohsiung 801,",Kaohsiung,80147,TW
WML,WESTERMAN MULTIMODAL,De Grift 25,Nieuwleusen,7711EP,NL
WND,WND (LIAO NING) HEAVY INDUSTRY CO LTD,"No.51 Shendong 4th Road, Fushun, Liaoning P.R. China",Fushun,113122,CN
DDD,WNG CONTAINER SERVICE CO LIMITED,"No 597 LanGang Road, Baoshan District",Shanghai,200491,CN
WPS,ALASKA STRUCTURES INC,301 REA BLVD.,LAS CRUCES,88007,US
WRX,WEATHERHAVEN GLOBAL RESOURCES LTD,130-8610 Glenlyon Parkway,Burnaby,V5J 0B6,CA
WSD,WIDE SHINE DEVELOPMENT INC,"Room 20E, Tower B, Billion Centre, No.1 Wang Kwong Road,",HONG KONG,Kowloon Bay,HK
WSM,WESTERN SALES & TESTING INC.,114 SE 46th Ave,"AMARILLO, TX 79105",79118,US
WSN,WILHELM STUHRENBERG GMBH & CO. KG,WERFTSRASSE 18,NORDENHAM,26954,DE
WSV,NV TRUCK EN TANKCLEANING TACK NV,INGEIMUNSTERSTEENWEG 58,OOSTROZEBEKE,8780,BE
WTL,WHITE LINE SHIPPING,PO BOX 32064,DUBAI,,AE
WTS,WEIGAND-GRUNDSTUCKS GMBH & CO. KG,SCHMIEDESTR. 4,LENGENBOSTEL,27419,DE
XAR,OXYGEN & ARGON WORKS LTD,South industrial park 4 Havazelet Hachof st PO BOX 3159,Caesarea,38900,IL
XCT,DIMC - DUBAI INTERNATIONAL MARINE CLUB,PO BOX 555564,DUBAI,,AE
XFC,HUBEI SINOPRHORUS ELECTRONICS MATERIALS CO LTD,"NO.66-3, XIAOTING ROAD,XIAOTING DISTRICT,YICHANG CITY,HUBEI,CHINA",HUBEI,443000,CN
XFV,"TRAWIND (NINGBO) MARINE LOGISTICS CO.,LTD.","N°2 building, xingang mansion, bayuquan district",Yingkou,115007,CN
XHC,CXIC,"11F, XINCHENG INT''''L BUILDING 88 TONG JIANG SOUTH ROAD",CHANGZHOU JIANGSU,213003,CN
XPA,EXPANSION SAS,674 AVENUE DE MONTIGNAC,MERPINS,16100,FR
XXL,2XL NV,BARON DE MAERELAAN 155,ZEEBRUGGE,B_8380,BE
YEO,YEOU FA CHEMICAL CO LTD,"16F, 85 SEC,1 CHUNG HSIAO E. ROAD",TAIPEI,10049,TW
YFC,EVER FORTUNE LOGISTICS (HK) CO LTD,"FLAT3,13/F,BLOCK A,HUNG HOM BAY CENTER 92 BAKER STREET",HUNG HOM-KOWLOON,,HK
YIM,"JIANGSU YIMA ROAD CONSTRUCTION MACHINERY TECHNOLOGY CO.,LTD.","3405#zhencheng road ,huangtu town ,jiangyin city ,jiangsu province,P.R.C",jiangyin,214445,CN
YMG,CENTRE DE RENOVATION MARCEL DAGORT,BOULEVARD LOUIS HERON DE VILLEFOSSE BP 4203,SAINT-PIERRE & MIQUELON,97500,FR
YPR,SITRA,PILKEMSEWEG 113,IEPER,B_8900,BE
YSD,YASUDA LOGISTICS CORPORATION,"INTERNATIONAL FORWARDING DEPT.3-1-1,SHIBAURA,MINATO-KU",TOKYO,108-8435,JP
YTB,STAR OIL MAURITANIE,AVENUE GAMAL ABDEL NASSER BP 388,NOUAKCHOTT,,MR
ZAP,GRUPA ZAKLADY AZOTOWE PULAWY SA,AL. TYSIACLECIA PANSTWA POLSKIEGO 13,PULAWY,24-110,PL
ZCL,ZIM INTEGRATED SHIPPING SERVICES LTD,P.O.B. 15067 MATAM,HAIFA,3190500,IL
ZDS,TELESPAZIO FRANCE,26 AVENUE JF CHAMPOLLION,TOULOUSE,31023,FR
ZEE,ZEENNI S TRADING AGENCY,"1st floor, Al-Rehban building Gouraud street, Mar Maroun sector Beirut",TRIPOLI,197,LB
ZET,ZETA SYSTEM SPA,VIA G.B. PIRELLI ZONA IND. LA MARTELLA c55-c56,MATERA,75100,IT
ZGR,ZGROUP SAC,CALLE ORDONER VARGAS 142 URB VILLASOL LOS OLIVOS,LIMA 36,,PE
ZHR,"F.U.H TRANS-STAR S.C ZBIGNIEW, HALINA ROKOSZ",OCIEKA 223,OCIEKA,39-104,PL
ZIP,TANK SERVICE INC,PO BOX 310417,Houston,77231-0417,US
ZIT,SAFIM SRL,CALATA BOCCARDO,GENOVA,16128,IT
ZMS,ZEPPELIN MOBILE SYSTEME GMBH,ZEPPELINPLATZ 1,MECKENBEUREN,88074,DE
ZPL,KONRAD ZIPPEL SPEDITEUR GMBH & CO. KG,WENDENSTRASSE 296,HAMBURG,20537,DE
ZWF,ZIM WORLD FREIGHT PVT LTD,"213, 2ND FLOOR, ADARSH IND ESTATE ANDHERI SAHAR ROAD, CHAKALA",MUMBAI,400 099,IN
ZYM,ZIJDERHAND MOERKAPELLE BV,AMACHTSTRAAT 2 P.O. BOX 70,MOERKAPELLE,2750 AB,NL
